url,coverage_state,indexing_state,last_crawl,verdict
https://www.smackcoders.com/,Submitted and indexed,INDEXING_ALLOWED,2026-01-27T08:21:13Z,PASS
https://www.smackcoders.com/about-us.html,Submitted and indexed,INDEXING_ALLOWED,2026-01-24T05:39:15Z,PASS
https://www.smackcoders.com/aio-wp-media-library-manager.html,Submitted and indexed,INDEXING_ALLOWED,2026-01-20T05:13:24Z,PASS
https://www.smackcoders.com/blog.html,Submitted and indexed,INDEXING_ALLOWED,2026-01-24T12:11:04Z,PASS
https://www.smackcoders.com/blog/a-guide-to-wordpress-caching.html,Submitted and indexed,INDEXING_ALLOWED,2025-12-28T16:53:16Z,PASS
https://www.smackcoders.com/blog/add-external-urls-to-featured-images-wordpress.html,Submitted and indexed,INDEXING_ALLOWED,2026-01-26T03:43:45Z,PASS
https://www.smackcoders.com/blog/advanced-techniques-for-wordpress-import-and-export.html,Submitted and indexed,INDEXING_ALLOWED,2026-01-21T19:29:58Z,PASS
https://www.smackcoders.com/blog/ai-generated-wordpress-content-import.html,Submitted and indexed,INDEXING_ALLOWED,2026-01-23T10:39:14Z,PASS
https://www.smackcoders.com/blog/ai-in-wordpress.html,Submitted and indexed,INDEXING_ALLOWED,2026-01-24T07:52:07Z,PASS
https://www.smackcoders.com/blog/ai-powered-personalization-for-ecommerce.html,Submitted and indexed,INDEXING_ALLOWED,2026-01-25T23:16:26Z,PASS
https://www.smackcoders.com/blog/ai-wordpress-security.html,Submitted and indexed,INDEXING_ALLOWED,2026-01-09T04:19:01Z,PASS
https://www.smackcoders.com/blog/avoid-common-woocommerce-store-mistakes.html,Submitted and indexed,INDEXING_ALLOWED,2026-01-21T12:33:58Z,PASS
https://www.smackcoders.com/blog/best-multipurpose-wordpress-themes.html,Submitted and indexed,INDEXING_ALLOWED,2026-01-23T19:53:57Z,PASS
https://www.smackcoders.com/blog/best-practices-for-wordpress-sites.html,Submitted and indexed,INDEXING_ALLOWED,2026-01-20T05:49:10Z,PASS
https://www.smackcoders.com/blog/best-woocommerce-affiliate-plugins.html,Submitted and indexed,INDEXING_ALLOWED,2026-01-26T03:59:31Z,PASS
https://www.smackcoders.com/blog/best-woocommerce-plugins.html,Submitted and indexed,INDEXING_ALLOWED,2025-12-31T08:51:26Z,PASS
https://www.smackcoders.com/blog/best-wordpress-speed-optimization-plugins.html,Submitted and indexed,INDEXING_ALLOWED,2026-01-21T13:26:56Z,PASS
https://www.smackcoders.com/blog/build-dynamic-wordpress-sites-with-custom-post-types.html,Submitted and indexed,INDEXING_ALLOWED,2026-01-20T17:38:51Z,PASS
https://www.smackcoders.com/blog/create-a-form-in-wordpress-without-plugins.html,Submitted and indexed,INDEXING_ALLOWED,2026-01-25T23:39:57Z,PASS
https://www.smackcoders.com/blog/create-a-multilingual-website-with-wpml.html,Submitted and indexed,INDEXING_ALLOWED,2026-01-09T17:24:31Z,PASS
https://www.smackcoders.com/blog/create-and-import-custom-post-types-in-wordpress.html,Submitted and indexed,INDEXING_ALLOWED,2026-01-20T14:25:54Z,PASS
https://www.smackcoders.com/blog/create-custom-fields-with-acf-in-wordpress.html,Excluded by ‘noindex’ tag,BLOCKED_BY_META_TAG,2025-04-11T08:44:49Z,NEUTRAL
https://www.smackcoders.com/blog/create-custom-taxonomies-with-acf.html,Submitted and indexed,INDEXING_ALLOWED,2026-01-24T04:40:33Z,PASS
https://www.smackcoders.com/blog/ecommerce-video-marketing.html,Submitted and indexed,INDEXING_ALLOWED,2025-12-27T22:06:46Z,PASS
https://www.smackcoders.com/blog/enable-configure-wp-cron.html,Submitted and indexed,INDEXING_ALLOWED,2026-01-27T10:17:50Z,PASS
https://www.smackcoders.com/blog/essential-steps-to-launch-a-wordpress-site-the-right-way.html,Submitted and indexed,INDEXING_ALLOWED,2025-12-27T09:48:15Z,PASS
https://www.smackcoders.com/blog/export-import-advanced-custom-fields-csv-wordpress.html,Submitted and indexed,INDEXING_ALLOWED,2026-01-26T05:18:32Z,PASS
https://www.smackcoders.com/blog/export-import-single-wordpress-post-page-product.html,Submitted and indexed,INDEXING_ALLOWED,2026-01-26T17:40:22Z,PASS
https://www.smackcoders.com/blog/export-woocommerce-orders-to-google-sheets.html,Submitted and indexed,INDEXING_ALLOWED,2026-01-20T07:59:47Z,PASS
https://www.smackcoders.com/blog/how-to-add-a-free-wordpress-contact-form.html,Submitted and indexed,INDEXING_ALLOWED,2025-12-27T19:55:17Z,PASS
https://www.smackcoders.com/blog/how-to-export-wordpress-users.html,Submitted and indexed,INDEXING_ALLOWED,2026-01-20T06:18:50Z,PASS
https://www.smackcoders.com/blog/how-to-import-csv-file-in-wordpress-without-plugin.html,Submitted and indexed,INDEXING_ALLOWED,2026-01-20T14:37:54Z,PASS
https://www.smackcoders.com/blog/how-to-import-csv-file-in-wordpress.html,Submitted and indexed,INDEXING_ALLOWED,2026-01-18T14:30:49Z,PASS
https://www.smackcoders.com/blog/how-to-import-page-to-wordpress.html,Submitted and indexed,INDEXING_ALLOWED,2026-01-26T02:05:42Z,PASS
https://www.smackcoders.com/blog/how-to-install-ioncube-loaders-simple-steps-for-various-hosting-types.html,Submitted and indexed,INDEXING_ALLOWED,2026-01-25T17:12:55Z,PASS
https://www.smackcoders.com/blog/how-to-install-wamp-and-xampp.html,Submitted and indexed,INDEXING_ALLOWED,2026-01-26T05:02:44Z,PASS
https://www.smackcoders.com/blog/how-to-prepare-woocommerce-for-high-traffic.html,Submitted and indexed,INDEXING_ALLOWED,2025-12-30T19:01:26Z,PASS
https://www.smackcoders.com/blog/how-to-restore-wordpress-site-from-backup.html,Submitted and indexed,INDEXING_ALLOWED,2026-01-21T07:05:44Z,PASS
https://www.smackcoders.com/blog/import-and-export-woocommerce-customers.html,Submitted and indexed,INDEXING_ALLOWED,2026-01-26T17:17:57Z,PASS
https://www.smackcoders.com/blog/import-export-custom-post-types-plugin-data.html,Submitted and indexed,INDEXING_ALLOWED,2026-01-20T08:10:49Z,PASS
https://www.smackcoders.com/blog/import-export-elementor-as-csv.html,Submitted and indexed,INDEXING_ALLOWED,2026-01-25T19:03:33Z,PASS
https://www.smackcoders.com/blog/import-export-gravity-forms-entries.html,Submitted and indexed,INDEXING_ALLOWED,2026-01-14T01:33:23Z,PASS
https://www.smackcoders.com/blog/import-export-listings-business-directory-plugins.html,Submitted and indexed,INDEXING_ALLOWED,2026-01-20T15:48:58Z,PASS
https://www.smackcoders.com/blog/import-export-woocommerce-product-reviews.html,Submitted and indexed,INDEXING_ALLOWED,2026-01-19T20:12:41Z,PASS
https://www.smackcoders.com/blog/import-posts-or-products-from-excel-to-wordpress.html,Submitted and indexed,INDEXING_ALLOWED,2026-01-19T01:07:33Z,PASS
https://www.smackcoders.com/blog/import-variable-products-into-woocommerce.html,Submitted and indexed,INDEXING_ALLOWED,2026-01-13T15:34:28Z,PASS
https://www.smackcoders.com/blog/import-woocommerce-products-with-custom-fields.html,Submitted and indexed,INDEXING_ALLOWED,2026-01-24T06:43:26Z,PASS
https://www.smackcoders.com/blog/import-yith-order-tracking-data-and-export-with-csv-importer.html,Submitted and indexed,INDEXING_ALLOWED,2026-01-14T17:31:55Z,PASS
https://www.smackcoders.com/blog/improve-core-web-vitals-in-wordpress.html,Submitted and indexed,INDEXING_ALLOWED,2025-12-27T18:03:47Z,PASS
https://www.smackcoders.com/blog/introducing-wp-ultimate-csv-importer-8-11.html,Submitted and indexed,INDEXING_ALLOWED,2026-01-21T13:28:06Z,PASS
https://www.smackcoders.com/blog/mastering-wpml-language-localization.html,Submitted and indexed,INDEXING_ALLOWED,2026-01-16T19:56:48Z,PASS
https://www.smackcoders.com/blog/migrate-shopify-to-woocommerce.html,Submitted and indexed,INDEXING_ALLOWED,2026-01-16T16:41:36Z,PASS
https://www.smackcoders.com/blog/monthly-wordpress-maintenance-checklist.html,Crawled - currently not indexed,INDEXING_ALLOWED,2025-12-28T16:40:38Z,NEUTRAL
https://www.smackcoders.com/blog/onc-click-import-and-migrate-wordpress.html,Submitted and indexed,INDEXING_ALLOWED,2025-12-27T16:24:23Z,PASS
https://www.smackcoders.com/blog/optimize-wordpress-database-for-large-sites.html,Submitted and indexed,INDEXING_ALLOWED,2026-01-16T06:33:22Z,PASS
https://www.smackcoders.com/blog/polylang-import-products-woocommerce.html,Submitted and indexed,INDEXING_ALLOWED,2026-01-20T17:16:51Z,PASS
https://www.smackcoders.com/blog/polylang-import-translation-guide.html,Submitted and indexed,INDEXING_ALLOWED,2026-01-20T20:40:08Z,PASS
https://www.smackcoders.com/blog/polylang-plugin-for-wordpress.html,Submitted and indexed,INDEXING_ALLOWED,2026-01-27T14:19:47Z,PASS
https://www.smackcoders.com/blog/ppom-for-woocommerce-import-export-custom-fields.html,Submitted and indexed,INDEXING_ALLOWED,2026-01-27T09:14:32Z,PASS
https://www.smackcoders.com/blog/reduce-page-load-time-on-high-content-sites.html,Submitted and indexed,INDEXING_ALLOWED,2025-12-27T15:25:16Z,PASS
https://www.smackcoders.com/blog/scale-wordpress-for-high-traffic.html,Submitted and indexed,INDEXING_ALLOWED,2026-01-21T12:48:02Z,PASS
https://www.smackcoders.com/blog/scaling-woocommerce-manage-products-orders.html,Submitted and indexed,INDEXING_ALLOWED,2026-01-13T20:08:47Z,PASS
https://www.smackcoders.com/blog/speed-up-your-wordpress-website.html,Submitted and indexed,INDEXING_ALLOWED,2025-12-30T12:18:29Z,PASS
https://www.smackcoders.com/blog/ultimate-csv-importer-8-6-wp-rentals-serialized.html,Submitted and indexed,INDEXING_ALLOWED,2026-01-12T22:05:19Z,PASS
https://www.smackcoders.com/blog/ultimate-csv-importer-pro-v8-2.html,Submitted and indexed,INDEXING_ALLOWED,2026-01-21T15:51:33Z,PASS
https://www.smackcoders.com/blog/update-outdated-wordpress-plugins-data.html,Submitted and indexed,INDEXING_ALLOWED,2025-12-28T19:08:00Z,PASS
https://www.smackcoders.com/blog/voice-search-optimization.html,Submitted and indexed,INDEXING_ALLOWED,2025-12-23T08:47:04Z,PASS
https://www.smackcoders.com/blog/woocommerce-inventory-management.html,Submitted and indexed,INDEXING_ALLOWED,2025-12-29T06:26:48Z,PASS
https://www.smackcoders.com/blog/woocommerce-maintenance-tasks.html,Submitted and indexed,INDEXING_ALLOWED,2025-12-29T06:57:11Z,PASS
https://www.smackcoders.com/blog/woocommerce-variable-pricing-calculator.html,Submitted and indexed,INDEXING_ALLOWED,2026-01-03T05:13:30Z,PASS
https://www.smackcoders.com/blog/woocommerce-vs-magento-pros-and-cons.html,Submitted and indexed,INDEXING_ALLOWED,2026-01-06T16:37:37Z,PASS
https://www.smackcoders.com/blog/wordpress-admin-productivity-hacks.html,Submitted and indexed,INDEXING_ALLOWED,2025-12-12T19:31:10Z,PASS
https://www.smackcoders.com/blog/wordpress-backup-restore-strategy.html,Submitted and indexed,INDEXING_ALLOWED,2025-12-28T19:26:00Z,PASS
https://www.smackcoders.com/blog/wordpress-database-optimization.html,Submitted and indexed,INDEXING_ALLOWED,2026-01-21T11:13:59Z,PASS
https://www.smackcoders.com/blog/wordpress-popup-builders.html,Submitted and indexed,INDEXING_ALLOWED,2026-01-21T15:05:55Z,PASS
https://www.smackcoders.com/blog/wordpress-security-best-practices.html,Submitted and indexed,INDEXING_ALLOWED,2025-12-29T18:45:39Z,PASS
https://www.smackcoders.com/blog/wordpress-security-checklist.html,Submitted and indexed,INDEXING_ALLOWED,2025-12-28T04:27:44Z,PASS
https://www.smackcoders.com/blog/wordpress-seo-guide.html,Submitted and indexed,INDEXING_ALLOWED,2026-01-21T19:55:47Z,PASS
https://www.smackcoders.com/blog/wordpress-seo-plugins.html,Submitted and indexed,INDEXING_ALLOWED,2026-01-20T13:26:51Z,PASS
https://www.smackcoders.com/blog/wordpress-ultimate-csv-importer-csv-sample-files-and-updates.html,Submitted and indexed,INDEXING_ALLOWED,2026-01-21T09:29:56Z,PASS
https://www.smackcoders.com/blog/wordpress-user-role-management-master-guide.html,Crawled - currently not indexed,INDEXING_ALLOWED,2025-12-23T11:23:23Z,NEUTRAL
https://www.smackcoders.com/blog/wp-query-ultimate-csv-importer-pro.html,Submitted and indexed,INDEXING_ALLOWED,2025-12-27T21:03:42Z,PASS
https://www.smackcoders.com/blog/wp-ultimate-csv-importer-8-12-edd.html,Submitted and indexed,INDEXING_ALLOWED,2026-01-10T13:32:53Z,PASS
https://www.smackcoders.com/blog/wp-ultimate-csv-importer-8-7-update.html,Submitted and indexed,INDEXING_ALLOWED,2026-01-01T21:53:25Z,PASS
https://www.smackcoders.com/blog/wp-ultimate-csv-importer-8-8-ai-preview-validation.html,Submitted and indexed,INDEXING_ALLOWED,2026-01-04T15:10:10Z,PASS
https://www.smackcoders.com/contact-us.html,Submitted and indexed,INDEXING_ALLOWED,2026-01-27T15:27:58Z,PASS
https://www.smackcoders.com/crocoblock-deals.html,Submitted and indexed,INDEXING_ALLOWED,2025-12-07T23:32:32Z,PASS
https://www.smackcoders.com/deals.html,Submitted and indexed,INDEXING_ALLOWED,2026-01-24T01:12:51Z,PASS
https://www.smackcoders.com/documentation.html,Submitted and indexed,INDEXING_ALLOWED,2026-01-22T13:40:06Z,PASS
https://www.smackcoders.com/documentation/easy-inventory/easy-inventory-and-stock-manager,Submitted and indexed,INDEXING_ALLOWED,2026-01-12T18:47:29Z,PASS
https://www.smackcoders.com/documentation/follow-up-email/follow-up-emails-plugin,Submitted and indexed,INDEXING_ALLOWED,2026-01-26T19:22:18Z,PASS
https://www.smackcoders.com/documentation/user-role-management/getting-started,Crawled - currently not indexed,INDEXING_ALLOWED,2025-10-02T05:53:51Z,NEUTRAL
https://www.smackcoders.com/documentation/woocommerce-to-shopify-integration/w2s-getting-started,Submitted and indexed,INDEXING_ALLOWED,2026-01-07T02:15:27Z,PASS
https://www.smackcoders.com/documentation/woocommerce-to-shopify-integration/w2s-pro-features,Submitted and indexed,INDEXING_ALLOWED,2026-01-07T00:39:54Z,PASS
https://www.smackcoders.com/documentation/woocommerce-to-shopify-integration/w2s-sync-configuration,Submitted and indexed,INDEXING_ALLOWED,2026-01-07T02:36:03Z,PASS
https://www.smackcoders.com/documentation/woocommerce-to-shopify-integration/woocommerce-shopify-product-sync,Submitted and indexed,INDEXING_ALLOWED,2026-01-05T18:11:55Z,PASS
https://www.smackcoders.com/documentation/woocommerce-to-shopify-integration/woocommerce-to-shopify-customer-sync,Submitted and indexed,INDEXING_ALLOWED,2026-01-13T09:58:58Z,PASS
https://www.smackcoders.com/documentation/woocommerce-to-shopify-integration/woocommerce-to-shopify-field-mapping,Submitted and indexed,INDEXING_ALLOWED,2026-01-04T10:43:39Z,PASS
https://www.smackcoders.com/documentation/woocommerce-to-shopify-integration/woocommerce-to-shopify-integration-authentication-setup,Submitted and indexed,INDEXING_ALLOWED,2026-01-22T16:32:59Z,PASS
https://www.smackcoders.com/documentation/woocommerce-to-shopify-integration/woocommerce-to-shopify-integration-plugin,Submitted and indexed,INDEXING_ALLOWED,2026-01-24T02:07:25Z,PASS
https://www.smackcoders.com/documentation/woocommerce-to-shopify-integration/woocommerce-to-shopify-order-sync,Submitted and indexed,INDEXING_ALLOWED,2026-01-06T23:54:06Z,PASS
https://www.smackcoders.com/documentation/woocommerce-to-shopify-integration/woocommerce-to-shopify-sync-faq,Submitted and indexed,INDEXING_ALLOWED,2026-01-04T08:30:28Z,PASS
https://www.smackcoders.com/documentation/wordpress-leads-builder-for-any-crm-pro/e-commerce-integration,Submitted and indexed,INDEXING_ALLOWED,2026-01-13T23:05:31Z,PASS
https://www.smackcoders.com/documentation/wordpress-leads-builder-for-any-crm-pro/faq-leads-builder,Submitted and indexed,INDEXING_ALLOWED,2025-12-21T23:24:39Z,PASS
https://www.smackcoders.com/documentation/wordpress-leads-builder-for-any-crm-pro/lead-builder-for-any-crm,Submitted and indexed,INDEXING_ALLOWED,2026-01-16T19:31:49Z,PASS
https://www.smackcoders.com/documentation/wp-ultimate-csv-importer-pro/acf-import,Submitted and indexed,INDEXING_ALLOWED,2026-01-23T03:55:58Z,PASS
https://www.smackcoders.com/documentation/wp-ultimate-csv-importer-pro/advanced-import-filters,Submitted and indexed,INDEXING_ALLOWED,2026-01-18T15:45:49Z,PASS
https://www.smackcoders.com/documentation/wp-ultimate-csv-importer-pro/ai-integration,Submitted and indexed,INDEXING_ALLOWED,2025-12-27T08:22:57Z,PASS
https://www.smackcoders.com/documentation/wp-ultimate-csv-importer-pro/bbpress-import-and-update,Submitted and indexed,INDEXING_ALLOWED,2026-01-25T16:36:35Z,PASS
https://www.smackcoders.com/documentation/wp-ultimate-csv-importer-pro/chatgpt-integration,Submitted and indexed,INDEXING_ALLOWED,2026-01-25T17:51:33Z,PASS
https://www.smackcoders.com/documentation/wp-ultimate-csv-importer-pro/custom-field-suite-import,Submitted and indexed,INDEXING_ALLOWED,2026-01-11T22:55:46Z,PASS
https://www.smackcoders.com/documentation/wp-ultimate-csv-importer-pro/export-wordpress-data-using-wp-query,Submitted and indexed,INDEXING_ALLOWED,2026-01-21T15:21:00Z,PASS
https://www.smackcoders.com/documentation/wp-ultimate-csv-importer-pro/how-to-import-csv,Submitted and indexed,INDEXING_ALLOWED,2026-01-20T21:27:51Z,PASS
https://www.smackcoders.com/documentation/wp-ultimate-csv-importer-pro/how-to-import-schedule-or-update,Submitted and indexed,INDEXING_ALLOWED,2026-01-24T09:39:53Z,PASS
https://www.smackcoders.com/documentation/wp-ultimate-csv-importer-pro/how-to-import-variable-products-in-woocommerce,Submitted and indexed,INDEXING_ALLOWED,2026-01-19T14:55:38Z,PASS
https://www.smackcoders.com/documentation/wp-ultimate-csv-importer-pro/how-to-import-woocommerce-orders,Submitted and indexed,INDEXING_ALLOWED,2026-01-09T02:04:00Z,PASS
https://www.smackcoders.com/documentation/wp-ultimate-csv-importer-pro/import-and-export-listings-and-owners-in-wp-rentals,Submitted and indexed,INDEXING_ALLOWED,2026-01-25T19:34:40Z,PASS
https://www.smackcoders.com/documentation/wp-ultimate-csv-importer-pro/import-and-export-lms-data,Submitted and indexed,INDEXING_ALLOWED,2026-01-17T08:18:49Z,PASS
https://www.smackcoders.com/documentation/wp-ultimate-csv-importer-pro/import-and-export-nextgen-gallery-images,Submitted and indexed,INDEXING_ALLOWED,2026-01-22T01:49:11Z,PASS
https://www.smackcoders.com/documentation/wp-ultimate-csv-importer-pro/import-and-export-woocommerce-reviews,Submitted and indexed,INDEXING_ALLOWED,2026-01-14T00:23:49Z,PASS
https://www.smackcoders.com/documentation/wp-ultimate-csv-importer-pro/import-and-export-wordpress-users,Submitted and indexed,INDEXING_ALLOWED,2026-01-11T15:24:30Z,PASS
https://www.smackcoders.com/documentation/wp-ultimate-csv-importer-pro/import-business-directory-listings-in-wordpress,Submitted and indexed,INDEXING_ALLOWED,2026-01-26T17:06:42Z,PASS
https://www.smackcoders.com/documentation/wp-ultimate-csv-importer-pro/import-data-from-excel-to-wordpress,Submitted and indexed,INDEXING_ALLOWED,2026-01-26T17:51:35Z,PASS
https://www.smackcoders.com/documentation/wp-ultimate-csv-importer-pro/import-events-into-wordpress,Submitted and indexed,INDEXING_ALLOWED,2026-01-25T21:55:36Z,PASS
https://www.smackcoders.com/documentation/wp-ultimate-csv-importer-pro/import-export-acpt-fields-in-wordpress,Submitted and indexed,INDEXING_ALLOWED,2026-01-12T17:31:30Z,PASS
https://www.smackcoders.com/documentation/wp-ultimate-csv-importer-pro/import-export-edd-customers,Submitted and indexed,INDEXING_ALLOWED,2026-01-10T17:27:32Z,PASS
https://www.smackcoders.com/documentation/wp-ultimate-csv-importer-pro/import-export-edd-discounts,Submitted and indexed,INDEXING_ALLOWED,2026-01-11T03:39:40Z,PASS
https://www.smackcoders.com/documentation/wp-ultimate-csv-importer-pro/import-export-edd-downloads,Submitted and indexed,INDEXING_ALLOWED,2026-01-11T04:21:29Z,PASS
https://www.smackcoders.com/documentation/wp-ultimate-csv-importer-pro/import-export-edd-orders,Submitted and indexed,INDEXING_ALLOWED,2026-01-11T03:02:10Z,PASS
https://www.smackcoders.com/documentation/wp-ultimate-csv-importer-pro/import-export-jetbookings-data,Submitted and indexed,INDEXING_ALLOWED,2026-01-15T22:23:05Z,PASS
https://www.smackcoders.com/documentation/wp-ultimate-csv-importer-pro/import-export-user-members,Submitted and indexed,INDEXING_ALLOWED,2026-01-23T16:50:21Z,PASS
https://www.smackcoders.com/documentation/wp-ultimate-csv-importer-pro/import-export-users-with-multiple-user-roles,Submitted and indexed,INDEXING_ALLOWED,2026-01-22T15:17:59Z,PASS
https://www.smackcoders.com/documentation/wp-ultimate-csv-importer-pro/import-images-into-wordpress,Submitted and indexed,INDEXING_ALLOWED,2026-01-20T03:00:44Z,PASS
https://www.smackcoders.com/documentation/wp-ultimate-csv-importer-pro/import-jetreview-data-into-wordpress,Submitted and indexed,INDEXING_ALLOWED,2026-01-24T10:16:18Z,PASS
https://www.smackcoders.com/documentation/wp-ultimate-csv-importer-pro/import-serialized-fields-data,Submitted and indexed,INDEXING_ALLOWED,2026-01-12T17:32:30Z,PASS
https://www.smackcoders.com/documentation/wp-ultimate-csv-importer-pro/import-woocommerce-customers,Submitted and indexed,INDEXING_ALLOWED,2026-01-18T09:40:57Z,PASS
https://www.smackcoders.com/documentation/wp-ultimate-csv-importer-pro/import-wordpress-categories-and-tags,Submitted and indexed,INDEXING_ALLOWED,2026-01-25T17:46:29Z,PASS
https://www.smackcoders.com/documentation/wp-ultimate-csv-importer-pro/importer-faq,Submitted and indexed,INDEXING_ALLOWED,2026-01-18T12:00:50Z,PASS
https://www.smackcoders.com/documentation/wp-ultimate-csv-importer-pro/iteration-based-import,Submitted and indexed,INDEXING_ALLOWED,2026-01-22T14:27:59Z,PASS
https://www.smackcoders.com/documentation/wp-ultimate-csv-importer-pro/jet-engine-data-import,Submitted and indexed,INDEXING_ALLOWED,2026-01-20T06:14:50Z,PASS
https://www.smackcoders.com/documentation/wp-ultimate-csv-importer-pro/learnpress-data-import,Submitted and indexed,INDEXING_ALLOWED,2026-01-18T17:36:57Z,PASS
https://www.smackcoders.com/documentation/wp-ultimate-csv-importer-pro/let-clients-export-wordpress-data,Submitted and indexed,INDEXING_ALLOWED,2026-01-26T18:31:21Z,PASS
https://www.smackcoders.com/documentation/wp-ultimate-csv-importer-pro/meta-box-custom-field-cloneable,Submitted and indexed,INDEXING_ALLOWED,2026-01-11T18:02:11Z,PASS
https://www.smackcoders.com/documentation/wp-ultimate-csv-importer-pro/metabox-import-export,Submitted and indexed,INDEXING_ALLOWED,2026-01-19T12:09:58Z,PASS
https://www.smackcoders.com/documentation/wp-ultimate-csv-importer-pro/migrate-wordpress-and-woocommerce-data,Submitted and indexed,INDEXING_ALLOWED,2025-12-18T08:18:12Z,PASS
https://www.smackcoders.com/documentation/wp-ultimate-csv-importer-pro/polylang-multilingual-content-import-export,Submitted and indexed,INDEXING_ALLOWED,2026-01-17T01:12:43Z,PASS
https://www.smackcoders.com/documentation/wp-ultimate-csv-importer-pro/post-page-custompost-import,Submitted and indexed,INDEXING_ALLOWED,2026-01-20T18:45:15Z,PASS
https://www.smackcoders.com/documentation/wp-ultimate-csv-importer-pro/rankmath-data-import-and-export,Submitted and indexed,INDEXING_ALLOWED,2026-01-25T21:29:57Z,PASS
https://www.smackcoders.com/documentation/wp-ultimate-csv-importer-pro/seo-import,Submitted and indexed,INDEXING_ALLOWED,2026-01-26T18:02:48Z,PASS
https://www.smackcoders.com/documentation/wp-ultimate-csv-importer-pro/seopress-import-export,Submitted and indexed,INDEXING_ALLOWED,2026-01-20T21:37:20Z,PASS
https://www.smackcoders.com/documentation/wp-ultimate-csv-importer-pro/slim-seo-metadata-import-export,Submitted and indexed,INDEXING_ALLOWED,2026-01-25T03:28:51Z,PASS
https://www.smackcoders.com/documentation/wp-ultimate-csv-importer-pro/the-events-calendar-import-export,Submitted and indexed,INDEXING_ALLOWED,2026-01-16T23:03:44Z,PASS
https://www.smackcoders.com/documentation/wp-ultimate-csv-importer-pro/toolset-types-import,Submitted and indexed,INDEXING_ALLOWED,2026-01-23T12:24:15Z,PASS
https://www.smackcoders.com/documentation/wp-ultimate-csv-importer-pro/troubleshooting-guide,Submitted and indexed,INDEXING_ALLOWED,2026-01-21T16:12:57Z,PASS
https://www.smackcoders.com/documentation/wp-ultimate-csv-importer-pro/what-is-elementor-import-export,Submitted and indexed,INDEXING_ALLOWED,2026-01-24T06:08:35Z,PASS
https://www.smackcoders.com/documentation/wp-ultimate-csv-importer-pro/woocommerces,Submitted and indexed,INDEXING_ALLOWED,2026-01-17T19:52:27Z,PASS
https://www.smackcoders.com/documentation/wp-ultimate-csv-importer-pro/wordpress-export-import-single-page,Submitted and indexed,INDEXING_ALLOWED,2026-01-25T19:49:45Z,PASS
https://www.smackcoders.com/documentation/wp-ultimate-csv-importer-pro/wpml-multilingual-import,Submitted and indexed,INDEXING_ALLOWED,2026-01-11T17:09:57Z,PASS
https://www.smackcoders.com/documentation/wp-ultimate-exporter/wordpress-exporter-guide,Submitted and indexed,INDEXING_ALLOWED,2026-01-09T01:44:42Z,PASS
https://www.smackcoders.com/easy-inventory-and-stock-manager-for-woocommerce.html,Submitted and indexed,INDEXING_ALLOWED,2026-01-20T18:23:03Z,PASS
https://www.smackcoders.com/es,Submitted and indexed,INDEXING_ALLOWED,2026-01-21T14:17:00Z,PASS
https://www.smackcoders.com/es/administrador-de-bibliotecas-de-medios-aio-wp.html,Submitted and indexed,INDEXING_ALLOWED,2026-01-26T18:14:02Z,PASS
https://www.smackcoders.com/es/administrador-facil-de-inventario-y-stock-para-woocommerce.html,Submitted and indexed,INDEXING_ALLOWED,2026-01-20T10:09:59Z,PASS
https://www.smackcoders.com/es/alternativa-de-importacion-de-wp-all.html,Submitted and indexed,INDEXING_ALLOWED,2026-01-21T07:52:00Z,PASS
https://www.smackcoders.com/es/asociacion.html,Submitted and indexed,INDEXING_ALLOWED,2025-12-27T21:16:31Z,PASS
https://www.smackcoders.com/es/atencion-al-cliente-smackcoders.html,Submitted and indexed,INDEXING_ALLOWED,2026-01-04T04:41:07Z,PASS
https://www.smackcoders.com/es/blog.html,Submitted and indexed,INDEXING_ALLOWED,2026-01-02T02:15:03Z,PASS
https://www.smackcoders.com/es/blog/acelera-tu-sitio-web-de-wordpress.html,Submitted and indexed,INDEXING_ALLOWED,2025-12-27T01:41:04Z,PASS
https://www.smackcoders.com/es/blog/como-anadir-urls-externas-a-las-imagenes-destacadas-en-wordpress.html,Submitted and indexed,INDEXING_ALLOWED,2026-01-27T00:11:47Z,PASS
https://www.smackcoders.com/es/blog/como-crear-e-importar-tipos-de-publicaciones-personalizadas-en-wordpress.html,Submitted and indexed,INDEXING_ALLOWED,2026-01-23T02:04:00Z,PASS
https://www.smackcoders.com/es/blog/como-exportar-e-importar-campos-personalizados-avanzados.html,Submitted and indexed,INDEXING_ALLOWED,2026-01-19T10:14:59Z,PASS
https://www.smackcoders.com/es/blog/como-exportar-usuarios-de-wordpress-una-guia-paso-a-paso.html,Submitted and indexed,INDEXING_ALLOWED,2026-01-26T02:56:29Z,PASS
https://www.smackcoders.com/es/blog/como-habilitar-y-configurar-wp-cron.html,Submitted and indexed,INDEXING_ALLOWED,2026-01-26T19:02:59Z,PASS
https://www.smackcoders.com/es/blog/como-importar-archivos-csv-a-wordpress-de-manera-eficiente.html,Submitted and indexed,INDEXING_ALLOWED,2026-01-24T16:51:53Z,PASS
https://www.smackcoders.com/es/blog/como-importar-archivos-csv-en-wordpress-sin-un-plugin.html,Excluded by ‘noindex’ tag,BLOCKED_BY_META_TAG,2025-04-15T07:40:42Z,NEUTRAL
https://www.smackcoders.com/es/blog/como-instalar-cargadores-ioncube-para-varios-tipos-de-alojamiento.html,Submitted and indexed,INDEXING_ALLOWED,2026-01-22T18:56:09Z,PASS
https://www.smackcoders.com/es/blog/como-instalar-wamp-y-xampp.html,Submitted and indexed,INDEXING_ALLOWED,2026-01-12T11:37:40Z,PASS
https://www.smackcoders.com/es/blog/correccion-de-seguridad-para-el-wp-ultimate-csv-importer.html,Submitted and indexed,INDEXING_ALLOWED,2026-01-06T06:19:11Z,PASS
https://www.smackcoders.com/es/blog/creacion-de-taxonomias-personalizadas-con-el-complemento-acf-una-guia-paso-a-paso.html,Submitted and indexed,INDEXING_ALLOWED,2026-01-25T22:53:35Z,PASS
https://www.smackcoders.com/es/blog/cree-campos-personalizados-con-acf-en-wordpress.html,Excluded by ‘noindex’ tag,BLOCKED_BY_META_TAG,2025-04-22T01:39:49Z,NEUTRAL
https://www.smackcoders.com/es/blog/ejemplos-de-archivos-csv-y-xml-para-la-importacion-de-prueba-wp-ultimate-csv-xml-importer.html,Submitted and indexed,INDEXING_ALLOWED,2026-01-20T11:06:01Z,PASS
https://www.smackcoders.com/es/blog/exportar-importar-una-sola-publicacion.html,Submitted and indexed,INDEXING_ALLOWED,2026-01-20T12:15:48Z,PASS
https://www.smackcoders.com/es/blog/exportar-pedidos-de-woocommerce-a-hojas-de-calculo-de-google.html,Submitted and indexed,INDEXING_ALLOWED,2025-12-24T17:30:52Z,PASS
https://www.smackcoders.com/es/blog/funciones-avanzadas-de-polylang-para-sitios-web-multilingues.html,Submitted and indexed,INDEXING_ALLOWED,2026-01-19T16:20:44Z,PASS
https://www.smackcoders.com/es/blog/ia-en-wordpress.html,Submitted and indexed,INDEXING_ALLOWED,2026-01-26T12:20:52Z,PASS
https://www.smackcoders.com/es/blog/importar-exportar-resenas-productos-woocommerce.html,Submitted and indexed,INDEXING_ALLOWED,2026-01-07T05:59:29Z,PASS
https://www.smackcoders.com/es/blog/importar-paginas-a-wordpress-una-guia-util.html,Submitted and indexed,INDEXING_ALLOWED,2026-01-21T04:06:55Z,PASS
https://www.smackcoders.com/es/blog/importar-productos-de-woocommerce-con-campos-personalizados.html,Submitted and indexed,INDEXING_ALLOWED,2026-01-07T05:39:35Z,PASS
https://www.smackcoders.com/es/blog/importar-productos-variables-a-woocommerce-usando-ultimate-csv-importer.html,Submitted and indexed,INDEXING_ALLOWED,2026-01-07T04:41:04Z,PASS
https://www.smackcoders.com/es/blog/importar-y-exportar-clientes-de-woocommerce.html,Submitted and indexed,INDEXING_ALLOWED,2026-01-15T15:11:37Z,PASS
https://www.smackcoders.com/es/blog/migrar-shopify-a-woocommerce.html,Submitted and indexed,INDEXING_ALLOWED,2026-01-26T16:39:40Z,PASS
https://www.smackcoders.com/es/blog/personalizacion-impulsada-por-ia.html,Submitted and indexed,INDEXING_ALLOWED,2026-01-16T22:18:21Z,PASS
https://www.smackcoders.com/es/blog/plugins-de-afiliados-de-woocommerce.html,Submitted and indexed,INDEXING_ALLOWED,2025-12-27T14:32:46Z,PASS
https://www.smackcoders.com/es/blog/plugins-seo-de-wordpress.html,Submitted and indexed,INDEXING_ALLOWED,2025-12-24T23:41:08Z,PASS
https://www.smackcoders.com/es/blog/tecnicas-avanzadas-para-importar-y-exportar-wordpress.html,Submitted and indexed,INDEXING_ALLOWED,2026-01-19T00:19:36Z,PASS
https://www.smackcoders.com/es/blog/tienda-woocommerce-para-usuarios-moviles.html,Submitted and indexed,INDEXING_ALLOWED,2026-01-20T17:00:49Z,PASS
https://www.smackcoders.com/es/blog/video-marketing-de-comercio-electronico.html,Submitted and indexed,INDEXING_ALLOWED,2026-01-26T16:59:28Z,PASS
https://www.smackcoders.com/es/contactenos.html,Submitted and indexed,INDEXING_ALLOWED,2026-01-24T20:14:20Z,PASS
https://www.smackcoders.com/es/correos-electronicos-de-seguimiento-de-wp.html,Submitted and indexed,INDEXING_ALLOWED,2026-01-21T15:52:24Z,PASS
https://www.smackcoders.com/es/creador-de-leads-de-wordpress-para-cualquier-crm.html,Submitted and indexed,INDEXING_ALLOWED,2026-01-12T01:26:47Z,PASS
https://www.smackcoders.com/es/documentation/creador-de-prospectos-de-wordpress-para-cualquier-profesional-de-crm/lead-builder-para-cualquier-crm-integracion-de-comercio-electronico,Submitted and indexed,INDEXING_ALLOWED,2025-12-27T09:59:26Z,PASS
https://www.smackcoders.com/es/documentation/creador-de-prospectos-de-wordpress-para-cualquier-profesional-de-crm/preguntas-frecuentes-sobre-el-lead-builder-y-videos,Submitted and indexed,INDEXING_ALLOWED,2026-01-16T20:09:19Z,PASS
https://www.smackcoders.com/es/documentation/creador-de-prospectos-de-wordpress-para-cualquier-profesional-de-crm/wp-lead-builder-para-cualquier-crm,Submitted and indexed,INDEXING_ALLOWED,2025-12-18T09:10:30Z,PASS
https://www.smackcoders.com/es/documentation/wp-exportador-definitivo/introduccion-exportador-definitivo,Submitted and indexed,INDEXING_ALLOWED,2026-01-24T07:07:25Z,PASS
https://www.smackcoders.com/es/documentation/wp-ultimate-csv-importer-pro/campo-personalizado-de-meta-box-clonable,Submitted and indexed,INDEXING_ALLOWED,2025-12-27T20:45:08Z,PASS
https://www.smackcoders.com/es/documentation/wp-ultimate-csv-importer-pro/como-importar-productos-variables-en-woocommerce,Submitted and indexed,INDEXING_ALLOWED,2026-01-16T05:17:44Z,PASS
https://www.smackcoders.com/es/documentation/wp-ultimate-csv-importer-pro/exportacion-de-wordpress-importar-una-sola-pagina,Submitted and indexed,INDEXING_ALLOWED,2025-12-21T03:22:04Z,PASS
https://www.smackcoders.com/es/documentation/wp-ultimate-csv-importer-pro/exportar-datos-de-wordpress-mediante-wp-query,Submitted and indexed,INDEXING_ALLOWED,2026-01-03T06:43:30Z,PASS
https://www.smackcoders.com/es/documentation/wp-ultimate-csv-importer-pro/filtros-de-importacion,Submitted and indexed,INDEXING_ALLOWED,2025-12-27T20:29:57Z,PASS
https://www.smackcoders.com/es/documentation/wp-ultimate-csv-importer-pro/guia-de-solucion-de-problemas,Submitted and indexed,INDEXING_ALLOWED,2026-01-16T19:44:18Z,PASS
https://www.smackcoders.com/es/documentation/wp-ultimate-csv-importer-pro/importacion-basada-en-iteraciones,Submitted and indexed,INDEXING_ALLOWED,2025-12-25T00:31:19Z,PASS
https://www.smackcoders.com/es/documentation/wp-ultimate-csv-importer-pro/importacion-de-csv-de-woocommerce,Submitted and indexed,INDEXING_ALLOWED,2026-01-23T11:31:16Z,PASS
https://www.smackcoders.com/es/documentation/wp-ultimate-csv-importer-pro/importacion-de-custom-field-suite,Submitted and indexed,INDEXING_ALLOWED,2026-01-21T17:51:47Z,PASS
https://www.smackcoders.com/es/documentation/wp-ultimate-csv-importer-pro/importacion-de-datos-de-learnpress,Submitted and indexed,INDEXING_ALLOWED,2026-01-26T02:06:43Z,PASS
https://www.smackcoders.com/es/documentation/wp-ultimate-csv-importer-pro/importacion-de-datos-de-motores-a-reaccion,Submitted and indexed,INDEXING_ALLOWED,2026-01-13T23:03:26Z,PASS
https://www.smackcoders.com/es/documentation/wp-ultimate-csv-importer-pro/importacion-de-publicaciones-paginas-y-publicaciones-personalizadas,Crawled - currently not indexed,INDEXING_ALLOWED,2025-07-16T10:18:27Z,NEUTRAL
https://www.smackcoders.com/es/documentation/wp-ultimate-csv-importer-pro/importacion-de-tipos-de-conjuntos-de-herramientas,Submitted and indexed,INDEXING_ALLOWED,2026-01-25T06:35:16Z,PASS
https://www.smackcoders.com/es/documentation/wp-ultimate-csv-importer-pro/importacion-multilingue-de-wp,Submitted and indexed,INDEXING_ALLOWED,2025-12-25T14:58:02Z,PASS
https://www.smackcoders.com/es/documentation/wp-ultimate-csv-importer-pro/importacion-seo-por-wp-ultimate-csv-importer,Submitted and indexed,INDEXING_ALLOWED,2026-01-20T07:03:53Z,PASS
https://www.smackcoders.com/es/documentation/wp-ultimate-csv-importer-pro/importacion-y-actualizacion-avanzada-de-campos-personalizados,Submitted and indexed,INDEXING_ALLOWED,2026-01-15T12:48:36Z,PASS
https://www.smackcoders.com/es/documentation/wp-ultimate-csv-importer-pro/importacion-y-actualizacion-de-bbpress,Submitted and indexed,INDEXING_ALLOWED,2025-12-27T14:16:46Z,PASS
https://www.smackcoders.com/es/documentation/wp-ultimate-csv-importer-pro/importacion-y-exportacion-de-datos-de-rankmath,Submitted and indexed,INDEXING_ALLOWED,2026-01-25T11:59:33Z,PASS
https://www.smackcoders.com/es/documentation/wp-ultimate-csv-importer-pro/importador-de-polylang-y-csv-importar-exportar-contenido-multilingue,Submitted and indexed,INDEXING_ALLOWED,2025-12-23T23:54:15Z,PASS
https://www.smackcoders.com/es/documentation/wp-ultimate-csv-importer-pro/importar-categorias-y-etiquetas-de-wordpress,Submitted and indexed,INDEXING_ALLOWED,2026-01-26T16:46:15Z,PASS
https://www.smackcoders.com/es/documentation/wp-ultimate-csv-importer-pro/importar-clientes-de-woocommerce,Submitted and indexed,INDEXING_ALLOWED,2026-01-14T17:47:08Z,PASS
https://www.smackcoders.com/es/documentation/wp-ultimate-csv-importer-pro/importar-datos-de-campos-serializados,Submitted and indexed,INDEXING_ALLOWED,2026-01-25T22:08:54Z,PASS
https://www.smackcoders.com/es/documentation/wp-ultimate-csv-importer-pro/importar-datos-de-excel-a-wordpress,Submitted and indexed,INDEXING_ALLOWED,2026-01-25T06:08:57Z,PASS
https://www.smackcoders.com/es/documentation/wp-ultimate-csv-importer-pro/importar-datos-de-jetreview-a-wordpress,Submitted and indexed,INDEXING_ALLOWED,2025-12-19T23:09:57Z,PASS
https://www.smackcoders.com/es/documentation/wp-ultimate-csv-importer-pro/importar-eventos-a-wordpress,Submitted and indexed,INDEXING_ALLOWED,2025-12-28T17:35:11Z,PASS
https://www.smackcoders.com/es/documentation/wp-ultimate-csv-importer-pro/importar-exportar-datos-de-jetbookings,Submitted and indexed,INDEXING_ALLOWED,2026-01-04T17:40:09Z,PASS
https://www.smackcoders.com/es/documentation/wp-ultimate-csv-importer-pro/importar-exportar-miembros-de-usuario,Submitted and indexed,INDEXING_ALLOWED,2026-01-16T12:58:10Z,PASS
https://www.smackcoders.com/es/documentation/wp-ultimate-csv-importer-pro/importar-imagenes-en-wordpress,Submitted and indexed,INDEXING_ALLOWED,2026-01-23T19:53:58Z,PASS
https://www.smackcoders.com/es/documentation/wp-ultimate-csv-importer-pro/importar-listados-de-directorios-comerciales-en-wordpress,Submitted and indexed,INDEXING_ALLOWED,2025-12-17T20:39:50Z,PASS
https://www.smackcoders.com/es/documentation/wp-ultimate-csv-importer-pro/importar-pedidos-de-woocommerce,Submitted and indexed,INDEXING_ALLOWED,2025-12-27T07:51:03Z,PASS
https://www.smackcoders.com/es/documentation/wp-ultimate-csv-importer-pro/importar-usuarios-de-exportacion-con-varios-roles-de-usuario,Submitted and indexed,INDEXING_ALLOWED,2025-12-23T18:02:29Z,PASS
https://www.smackcoders.com/es/documentation/wp-ultimate-csv-importer-pro/importar-y-exportar-campos-acpt-en-wordpress,Submitted and indexed,INDEXING_ALLOWED,2025-12-21T11:46:01Z,PASS
https://www.smackcoders.com/es/documentation/wp-ultimate-csv-importer-pro/importar-y-exportar-datos-lms-en-wordpress,Submitted and indexed,INDEXING_ALLOWED,2026-01-24T11:56:24Z,PASS
https://www.smackcoders.com/es/documentation/wp-ultimate-csv-importer-pro/importar-y-exportar-imagenes-de-la-galeria-nextgen,Submitted and indexed,INDEXING_ALLOWED,2026-01-17T01:51:36Z,PASS
https://www.smackcoders.com/es/documentation/wp-ultimate-csv-importer-pro/importar-y-exportar-listados-y-propietarios-en-wp-rentals,Submitted and indexed,INDEXING_ALLOWED,2026-01-14T12:21:45Z,PASS
https://www.smackcoders.com/es/documentation/wp-ultimate-csv-importer-pro/importar-y-exportar-resenas-de-woocommerce,Submitted and indexed,INDEXING_ALLOWED,2026-01-20T09:10:10Z,PASS
https://www.smackcoders.com/es/documentation/wp-ultimate-csv-importer-pro/importar-y-exportar-usuarios-de-wordpress,Submitted and indexed,INDEXING_ALLOWED,2026-01-12T13:02:28Z,PASS
https://www.smackcoders.com/es/documentation/wp-ultimate-csv-importer-pro/integracion-de-ia,Submitted and indexed,INDEXING_ALLOWED,2025-12-19T12:23:50Z,PASS
https://www.smackcoders.com/es/documentation/wp-ultimate-csv-importer-pro/introduccion-al-plugin-de-wordpress-ultimate-csv-xml-importer,Submitted and indexed,INDEXING_ALLOWED,2026-01-23T17:33:59Z,PASS
https://www.smackcoders.com/es/documentation/wp-ultimate-csv-importer-pro/los-clientes-exportan-datos-de-wordpress,Crawled - currently not indexed,INDEXING_ALLOWED,2025-09-19T08:52:20Z,NEUTRAL
https://www.smackcoders.com/es/documentation/wp-ultimate-csv-importer-pro/meta-box-campos-personalizados-importacion-de-datos-exportacion,Submitted and indexed,INDEXING_ALLOWED,2026-01-19T20:37:40Z,PASS
https://www.smackcoders.com/es/documentation/wp-ultimate-csv-importer-pro/migrar-datos-de-wordpress-y-woocommerce,Submitted and indexed,INDEXING_ALLOWED,2025-12-26T23:31:15Z,PASS
https://www.smackcoders.com/es/documentation/wp-ultimate-csv-importer-pro/modulos-de-importacion-csv-definitivos-de-wordpress,Submitted and indexed,INDEXING_ALLOWED,2026-01-10T04:48:02Z,PASS
https://www.smackcoders.com/es/documentation/wp-ultimate-csv-importer-pro/preguntas-frecuentes-relacionadas-con-wp-ultimate-csv-importer,Submitted and indexed,INDEXING_ALLOWED,2026-01-21T17:26:39Z,PASS
https://www.smackcoders.com/es/documentation/wp-ultimate-csv-importer-pro/que-es-elementor-import-export,Submitted and indexed,INDEXING_ALLOWED,2026-01-11T10:03:45Z,PASS
https://www.smackcoders.com/es/documentation/wp-ultimate-csv-importer-pro/seopress-importacion-y-exportacion,Submitted and indexed,INDEXING_ALLOWED,2026-01-26T17:30:12Z,PASS
https://www.smackcoders.com/es/plugins-inteligentes-para-wordpress.html,Submitted and indexed,INDEXING_ALLOWED,2025-12-18T07:25:02Z,PASS
https://www.smackcoders.com/es/politica-de-privacidad.html,Submitted and indexed,INDEXING_ALLOWED,2025-12-30T02:11:47Z,PASS
https://www.smackcoders.com/es/politica-de-reembolso.html,Submitted and indexed,INDEXING_ALLOWED,2025-12-25T14:28:23Z,PASS
https://www.smackcoders.com/es/sobre-nosotros.html,Submitted and indexed,INDEXING_ALLOWED,2025-12-27T01:09:21Z,PASS
https://www.smackcoders.com/es/terminos-y-condiciones.html,Crawled - currently not indexed,INDEXING_ALLOWED,2025-11-09T13:17:46Z,NEUTRAL
https://www.smackcoders.com/es/wp-exportador-definitivo.html,Submitted and indexed,INDEXING_ALLOWED,2025-12-30T04:09:32Z,PASS
https://www.smackcoders.com/es/wp-ultimate-csv-importer-pro.html,Submitted and indexed,INDEXING_ALLOWED,2026-01-24T15:04:26Z,PASS
https://www.smackcoders.com/es/wp-ultimate-csv-importer-pro/caracteristicas.html,Submitted and indexed,INDEXING_ALLOWED,2026-01-21T16:34:30Z,PASS
https://www.smackcoders.com/es/wp-ultimate-csv-importer-pro/importacion-de-metadatos-seo.html,Submitted and indexed,INDEXING_ALLOWED,2025-12-30T07:22:34Z,PASS
https://www.smackcoders.com/es/wp-ultimate-csv-importer-pro/importacion-de-toolset-types.html,Submitted and indexed,INDEXING_ALLOWED,2026-01-21T22:31:27Z,PASS
https://www.smackcoders.com/es/wp-ultimate-csv-importer-pro/importacion-exportacion-jetengine-con-ultimate-csv-importer.html,Submitted and indexed,INDEXING_ALLOWED,2025-12-20T21:57:11Z,PASS
https://www.smackcoders.com/es/wp-ultimate-csv-importer-pro/importar-campos-meta-box.html,Submitted and indexed,INDEXING_ALLOWED,2025-12-30T11:58:56Z,PASS
https://www.smackcoders.com/es/wp-ultimate-csv-importer-pro/importar-campos-personalizados-acf-desde-csv.html,Submitted and indexed,INDEXING_ALLOWED,2026-01-19T17:28:42Z,PASS
https://www.smackcoders.com/es/wp-ultimate-csv-importer-pro/importar-contenido-multilingue-de-wpml.html,Submitted and indexed,INDEXING_ALLOWED,2025-12-21T11:19:12Z,PASS
https://www.smackcoders.com/es/wp-ultimate-csv-importer-pro/importar-productos-de-woocommerce.html,Submitted and indexed,INDEXING_ALLOWED,2025-12-18T06:57:32Z,PASS
https://www.smackcoders.com/es/wp-ultimate-csv-importer-pro/precios.html,Submitted and indexed,INDEXING_ALLOWED,2026-01-26T05:54:36Z,PASS
https://www.smackcoders.com/es/wp-ultimate-csv-importer-pro/traduccion-de-importacion-de-polylang.html,Submitted and indexed,INDEXING_ALLOWED,2025-12-19T22:36:42Z,PASS
https://www.smackcoders.com/how-to-create-wordpress-post.html,Submitted and indexed,INDEXING_ALLOWED,2026-01-03T14:40:14Z,PASS
https://www.smackcoders.com/ja,Submitted and indexed,INDEXING_ALLOWED,2026-01-20T05:31:10Z,PASS
https://www.smackcoders.com/ja/about-us.html,Submitted and indexed,INDEXING_ALLOWED,2026-01-19T18:00:46Z,PASS
https://www.smackcoders.com/ja/aio-wp-media-library-manager.html,Submitted and indexed,INDEXING_ALLOWED,2026-01-20T06:41:46Z,PASS
https://www.smackcoders.com/ja/blog.html,Submitted and indexed,INDEXING_ALLOWED,2026-01-02T02:54:30Z,PASS
https://www.smackcoders.com/ja/blog/add-external-urls-to-featured-images-wordpress.html,Submitted and indexed,INDEXING_ALLOWED,2026-01-26T03:30:00Z,PASS
https://www.smackcoders.com/ja/blog/add-images-to-wordpress.html,Crawled - currently not indexed,INDEXING_ALLOWED,2025-11-09T19:46:15Z,NEUTRAL
https://www.smackcoders.com/ja/blog/advanced-techniques-for-wordpress-import-and-export.html,Submitted and indexed,INDEXING_ALLOWED,2026-01-20T20:17:57Z,PASS
https://www.smackcoders.com/ja/blog/ai-in-wordpress.html,Submitted and indexed,INDEXING_ALLOWED,2026-01-04T14:54:00Z,PASS
https://www.smackcoders.com/ja/blog/ai-powered-personalization-for-ecommerce.html,Submitted and indexed,INDEXING_ALLOWED,2025-12-27T09:01:39Z,PASS
https://www.smackcoders.com/ja/blog/blog-create-and-import-custom-post-types-in-wordpress.html,Submitted and indexed,INDEXING_ALLOWED,2026-01-26T03:06:01Z,PASS
https://www.smackcoders.com/ja/blog/create-a-multilingual-website-with-wpml.html,Submitted and indexed,INDEXING_ALLOWED,2026-01-26T04:46:56Z,PASS
https://www.smackcoders.com/ja/blog/create-custom-fields-with-acf-in-wordpress.html,Submitted and indexed,INDEXING_ALLOWED,2026-01-07T04:11:01Z,PASS
https://www.smackcoders.com/ja/blog/create-custom-taxonomies-with-acf.html,Submitted and indexed,INDEXING_ALLOWED,2026-01-26T16:34:01Z,PASS
https://www.smackcoders.com/ja/blog/enable-configure-wp-cron.html,Submitted and indexed,INDEXING_ALLOWED,2026-01-24T20:19:22Z,PASS
https://www.smackcoders.com/ja/blog/export-import-advanced-custom-fields-csv-wordpress.html,Submitted and indexed,INDEXING_ALLOWED,2026-01-27T15:00:42Z,PASS
https://www.smackcoders.com/ja/blog/export-import-single-wordpress-post-page-product.html,Submitted and indexed,INDEXING_ALLOWED,2026-01-12T03:23:46Z,PASS
https://www.smackcoders.com/ja/blog/export-woocommerce-orders-to-google-sheets.html,Submitted and indexed,INDEXING_ALLOWED,2026-01-21T15:41:45Z,PASS
https://www.smackcoders.com/ja/blog/how-to-export-wordpress-users.html,Submitted and indexed,INDEXING_ALLOWED,2026-01-27T00:11:50Z,PASS
https://www.smackcoders.com/ja/blog/how-to-import-csv-file-in-wordpress-without-plugin.html,Submitted and indexed,INDEXING_ALLOWED,2026-01-24T15:29:23Z,PASS
https://www.smackcoders.com/ja/blog/how-to-import-csv-file-in-wordpress.html,Submitted and indexed,INDEXING_ALLOWED,2026-01-27T12:08:40Z,PASS
https://www.smackcoders.com/ja/blog/how-to-import-page-to-wordpress.html,Submitted and indexed,INDEXING_ALLOWED,2026-01-27T12:14:43Z,PASS
https://www.smackcoders.com/ja/blog/how-to-install-wamp-and-xampp.html,Submitted and indexed,INDEXING_ALLOWED,2026-01-25T18:34:22Z,PASS
https://www.smackcoders.com/ja/blog/import-and-export-woocommerce-customers.html,Submitted and indexed,INDEXING_ALLOWED,2026-01-24T18:47:58Z,PASS
https://www.smackcoders.com/ja/blog/import-export-custom-post-types-plugin-data.html,Submitted and indexed,INDEXING_ALLOWED,2026-01-24T07:16:16Z,PASS
https://www.smackcoders.com/ja/blog/import-variable-products-into-woocommerce.html,Excluded by ‘noindex’ tag,BLOCKED_BY_META_TAG,2025-04-18T23:42:00Z,NEUTRAL
https://www.smackcoders.com/ja/blog/import-woocommerce-products-with-custom-fields.html,Submitted and indexed,INDEXING_ALLOWED,2026-01-23T17:55:42Z,PASS
https://www.smackcoders.com/ja/blog/pre-orders-and-backorders-in-woocommerce.html,Submitted and indexed,INDEXING_ALLOWED,2026-01-21T16:30:21Z,PASS
https://www.smackcoders.com/ja/blog/social-media-marketing-for-small-businesses.html,Submitted and indexed,INDEXING_ALLOWED,2026-01-25T19:18:36Z,PASS
https://www.smackcoders.com/ja/blog/wordpress-seo-guide.html,Submitted and indexed,INDEXING_ALLOWED,2025-12-27T06:26:23Z,PASS
https://www.smackcoders.com/ja/blog/wordpress-ultimate-csv-importer-csv-sample-files-and-updates.html,Submitted and indexed,INDEXING_ALLOWED,2026-01-22T07:48:03Z,PASS
https://www.smackcoders.com/ja/contact-us.html,Submitted and indexed,INDEXING_ALLOWED,2026-01-25T23:39:18Z,PASS
https://www.smackcoders.com/ja/documentation/wordpress-leads-builder-for-any-crm-pro/e-commerce-integration,Submitted and indexed,INDEXING_ALLOWED,2026-01-12T22:05:22Z,PASS
https://www.smackcoders.com/ja/documentation/wordpress-leads-builder-for-any-crm-pro/faq-leads-builder,Submitted and indexed,INDEXING_ALLOWED,2025-12-18T07:52:04Z,PASS
https://www.smackcoders.com/ja/documentation/wordpress-leads-builder-for-any-crm-pro/lead-builder-for-any-crm,Submitted and indexed,INDEXING_ALLOWED,2025-12-25T14:47:39Z,PASS
https://www.smackcoders.com/ja/documentation/wp-ultimate-csv-importer/acf-import,Submitted and indexed,INDEXING_ALLOWED,2026-01-26T05:50:10Z,PASS
https://www.smackcoders.com/ja/documentation/wp-ultimate-csv-importer/advanced-import-filters,Submitted and indexed,INDEXING_ALLOWED,2025-12-27T14:03:46Z,PASS
https://www.smackcoders.com/ja/documentation/wp-ultimate-csv-importer/ai-integration,Submitted and indexed,INDEXING_ALLOWED,2025-12-27T01:51:22Z,PASS
https://www.smackcoders.com/ja/documentation/wp-ultimate-csv-importer/bbpress-import-and-update,Submitted and indexed,INDEXING_ALLOWED,2026-01-24T14:15:25Z,PASS
https://www.smackcoders.com/ja/documentation/wp-ultimate-csv-importer/chatgpt-integration,Submitted and indexed,INDEXING_ALLOWED,2025-12-09T16:13:33Z,PASS
https://www.smackcoders.com/ja/documentation/wp-ultimate-csv-importer/custom-field-suite-import,Submitted and indexed,INDEXING_ALLOWED,2026-01-20T08:55:49Z,PASS
https://www.smackcoders.com/ja/documentation/wp-ultimate-csv-importer/export-wordpress-data-using-wp-query,Submitted and indexed,INDEXING_ALLOWED,2025-12-27T15:35:31Z,PASS
https://www.smackcoders.com/ja/documentation/wp-ultimate-csv-importer/how-to-import-csv,Submitted and indexed,INDEXING_ALLOWED,2026-01-27T07:06:13Z,PASS
https://www.smackcoders.com/ja/documentation/wp-ultimate-csv-importer/how-to-import-schedule-or-update,Submitted and indexed,INDEXING_ALLOWED,2026-01-19T20:54:44Z,PASS
https://www.smackcoders.com/ja/documentation/wp-ultimate-csv-importer/how-to-import-variable-products-in-woocommerce,Submitted and indexed,INDEXING_ALLOWED,2026-01-25T20:26:42Z,PASS
https://www.smackcoders.com/ja/documentation/wp-ultimate-csv-importer/how-to-import-woocommerce-orders,Submitted and indexed,INDEXING_ALLOWED,2026-01-19T16:24:51Z,PASS
https://www.smackcoders.com/ja/documentation/wp-ultimate-csv-importer/import-and-export-listings-and-owners-in-wp-rentals,Submitted and indexed,INDEXING_ALLOWED,2025-12-02T07:37:12Z,PASS
https://www.smackcoders.com/ja/documentation/wp-ultimate-csv-importer/import-and-export-lms-data,Submitted and indexed,INDEXING_ALLOWED,2025-12-18T09:21:17Z,PASS
https://www.smackcoders.com/ja/documentation/wp-ultimate-csv-importer/import-and-export-nextgen-gallery-images,Submitted and indexed,INDEXING_ALLOWED,2026-01-14T20:13:28Z,PASS
https://www.smackcoders.com/ja/documentation/wp-ultimate-csv-importer/import-and-export-woocommerce-reviews,Submitted and indexed,INDEXING_ALLOWED,2026-01-01T20:36:04Z,PASS
https://www.smackcoders.com/ja/documentation/wp-ultimate-csv-importer/import-and-export-wordpress-users,Submitted and indexed,INDEXING_ALLOWED,2026-01-27T11:32:50Z,PASS
https://www.smackcoders.com/ja/documentation/wp-ultimate-csv-importer/import-business-directory-listings-in-wordpress,Submitted and indexed,INDEXING_ALLOWED,2026-01-20T11:26:56Z,PASS
https://www.smackcoders.com/ja/documentation/wp-ultimate-csv-importer/import-data-from-excel-to-wordpress,Submitted and indexed,INDEXING_ALLOWED,2026-01-26T22:23:36Z,PASS
https://www.smackcoders.com/ja/documentation/wp-ultimate-csv-importer/import-events-into-wordpress,Crawled - currently not indexed,INDEXING_ALLOWED,2025-08-15T00:35:36Z,NEUTRAL
https://www.smackcoders.com/ja/documentation/wp-ultimate-csv-importer/import-export-acpt-fields-in-wordpress,Submitted and indexed,INDEXING_ALLOWED,2025-12-24T20:23:12Z,PASS
https://www.smackcoders.com/ja/documentation/wp-ultimate-csv-importer/import-export-jetbookings-data,Submitted and indexed,INDEXING_ALLOWED,2026-01-05T17:34:25Z,PASS
https://www.smackcoders.com/ja/documentation/wp-ultimate-csv-importer/import-export-user-members,Submitted and indexed,INDEXING_ALLOWED,2026-01-26T02:24:58Z,PASS
https://www.smackcoders.com/ja/documentation/wp-ultimate-csv-importer/import-export-users-with-multiple-user-roles,Submitted and indexed,INDEXING_ALLOWED,2026-01-11T17:18:47Z,PASS
https://www.smackcoders.com/ja/documentation/wp-ultimate-csv-importer/import-images-into-wordpress,Submitted and indexed,INDEXING_ALLOWED,2026-01-20T10:04:13Z,PASS
https://www.smackcoders.com/ja/documentation/wp-ultimate-csv-importer/import-jetreview-data-into-wordpress,Submitted and indexed,INDEXING_ALLOWED,2025-12-26T01:53:01Z,PASS
https://www.smackcoders.com/ja/documentation/wp-ultimate-csv-importer/import-serialized-fields-data,Submitted and indexed,INDEXING_ALLOWED,2025-12-27T20:19:11Z,PASS
https://www.smackcoders.com/ja/documentation/wp-ultimate-csv-importer/import-woocommerce-customers,Submitted and indexed,INDEXING_ALLOWED,2026-01-20T07:36:48Z,PASS
https://www.smackcoders.com/ja/documentation/wp-ultimate-csv-importer/import-wordpress-categories-and-tags,Submitted and indexed,INDEXING_ALLOWED,2026-01-25T13:38:58Z,PASS
https://www.smackcoders.com/ja/documentation/wp-ultimate-csv-importer/importer-faq,Submitted and indexed,INDEXING_ALLOWED,2026-01-24T08:51:56Z,PASS
https://www.smackcoders.com/ja/documentation/wp-ultimate-csv-importer/iteration-based-import,Submitted and indexed,INDEXING_ALLOWED,2025-12-25T13:21:10Z,PASS
https://www.smackcoders.com/ja/documentation/wp-ultimate-csv-importer/jet-engine-data-import,Submitted and indexed,INDEXING_ALLOWED,2026-01-24T19:31:11Z,PASS
https://www.smackcoders.com/ja/documentation/wp-ultimate-csv-importer/learnpress-data-import,Submitted and indexed,INDEXING_ALLOWED,2025-12-23T07:36:28Z,PASS
https://www.smackcoders.com/ja/documentation/wp-ultimate-csv-importer/let-clients-export-wordpress-data,Submitted and indexed,INDEXING_ALLOWED,2025-12-30T02:17:32Z,PASS
https://www.smackcoders.com/ja/documentation/wp-ultimate-csv-importer/meta-box-custom-field-cloneable,Submitted and indexed,INDEXING_ALLOWED,2026-01-14T05:23:27Z,PASS
https://www.smackcoders.com/ja/documentation/wp-ultimate-csv-importer/metabox-import-export,Submitted and indexed,INDEXING_ALLOWED,2026-01-20T04:55:47Z,PASS
https://www.smackcoders.com/ja/documentation/wp-ultimate-csv-importer/migrate-wordpress-and-woocommerce-data,Submitted and indexed,INDEXING_ALLOWED,2026-01-14T04:08:56Z,PASS
https://www.smackcoders.com/ja/documentation/wp-ultimate-csv-importer/polylang-multilingual-content-import-export,Submitted and indexed,INDEXING_ALLOWED,2026-01-20T06:13:49Z,PASS
https://www.smackcoders.com/ja/documentation/wp-ultimate-csv-importer/post-page-custompost-import,Submitted and indexed,INDEXING_ALLOWED,2026-01-23T19:01:26Z,PASS
https://www.smackcoders.com/ja/documentation/wp-ultimate-csv-importer/rankmath-data-import-and-export,Submitted and indexed,INDEXING_ALLOWED,2026-01-14T04:06:49Z,PASS
https://www.smackcoders.com/ja/documentation/wp-ultimate-csv-importer/seo-import,Submitted and indexed,INDEXING_ALLOWED,2026-01-06T17:11:52Z,PASS
https://www.smackcoders.com/ja/documentation/wp-ultimate-csv-importer/seopress-import-export,Submitted and indexed,INDEXING_ALLOWED,2026-01-10T13:57:35Z,PASS
https://www.smackcoders.com/ja/documentation/wp-ultimate-csv-importer/toolset-types-import,Submitted and indexed,INDEXING_ALLOWED,2025-12-27T15:43:24Z,PASS
https://www.smackcoders.com/ja/documentation/wp-ultimate-csv-importer/troubleshooting-guide,Submitted and indexed,INDEXING_ALLOWED,2026-01-20T23:34:52Z,PASS
https://www.smackcoders.com/ja/documentation/wp-ultimate-csv-importer/what-is-elementor-import-export,Submitted and indexed,INDEXING_ALLOWED,2026-01-17T14:24:28Z,PASS
https://www.smackcoders.com/ja/documentation/wp-ultimate-csv-importer/woocommerces,Submitted and indexed,INDEXING_ALLOWED,2026-01-12T23:56:38Z,PASS
https://www.smackcoders.com/ja/documentation/wp-ultimate-csv-importer/wordpress-export-import-single-page,Crawled - currently not indexed,INDEXING_ALLOWED,2025-11-09T14:39:37Z,NEUTRAL
https://www.smackcoders.com/ja/documentation/wp-ultimate-csv-importer/wpml-multilingual-import,Submitted and indexed,INDEXING_ALLOWED,2025-12-29T05:41:10Z,PASS
https://www.smackcoders.com/ja/documentation/wp-ultimate-exporter/wordpress-exporter-guide,Submitted and indexed,INDEXING_ALLOWED,2026-01-11T17:13:16Z,PASS
https://www.smackcoders.com/ja/easy-inventory-and-stock-manager-for-woocommerce.html,Submitted and indexed,INDEXING_ALLOWED,2026-01-14T08:51:52Z,PASS
https://www.smackcoders.com/ja/partnership.html,Submitted and indexed,INDEXING_ALLOWED,2025-12-27T16:20:31Z,PASS
https://www.smackcoders.com/ja/privacy-policy.html,Submitted and indexed,INDEXING_ALLOWED,2025-12-30T02:00:32Z,PASS
https://www.smackcoders.com/ja/refund-policy.html,Submitted and indexed,INDEXING_ALLOWED,2026-01-16T09:47:53Z,PASS
https://www.smackcoders.com/ja/support.html,Submitted and indexed,INDEXING_ALLOWED,2025-12-28T18:56:00Z,PASS
https://www.smackcoders.com/ja/terms-and-conditions.html,Crawled - currently not indexed,INDEXING_ALLOWED,2025-09-23T16:35:06Z,NEUTRAL
https://www.smackcoders.com/ja/wordpress.html,Submitted and indexed,INDEXING_ALLOWED,2026-01-14T02:23:49Z,PASS
https://www.smackcoders.com/ja/wp-all-import-alternative.html,Submitted and indexed,INDEXING_ALLOWED,2026-01-20T22:27:41Z,PASS
https://www.smackcoders.com/ja/wp-follow-up-emails.html,Submitted and indexed,INDEXING_ALLOWED,2026-01-20T08:47:12Z,PASS
https://www.smackcoders.com/ja/wp-leads-builder-any-crm-pro.html,Submitted and indexed,INDEXING_ALLOWED,2026-01-22T04:20:12Z,PASS
https://www.smackcoders.com/ja/wp-ultimate-csv-importer-pro.html,Submitted and indexed,INDEXING_ALLOWED,2026-01-27T02:44:32Z,PASS
https://www.smackcoders.com/ja/wp-ultimate-csv-importer-pro/features.html,Submitted and indexed,INDEXING_ALLOWED,2026-01-26T08:25:43Z,PASS
https://www.smackcoders.com/ja/wp-ultimate-csv-importer-pro/import-acf-custom-fields-from-csv.html,Submitted and indexed,INDEXING_ALLOWED,2026-01-19T15:37:41Z,PASS
https://www.smackcoders.com/ja/wp-ultimate-csv-importer-pro/import-meta-box-fields.html,Submitted and indexed,INDEXING_ALLOWED,2025-12-24T19:23:08Z,PASS
https://www.smackcoders.com/ja/wp-ultimate-csv-importer-pro/import-wpml-multilingual-content.html,Submitted and indexed,INDEXING_ALLOWED,2025-12-23T10:58:37Z,PASS
https://www.smackcoders.com/ja/wp-ultimate-csv-importer-pro/jetengine-cct-import.html,Submitted and indexed,INDEXING_ALLOWED,2026-01-24T13:48:02Z,PASS
https://www.smackcoders.com/ja/wp-ultimate-csv-importer-pro/polylang-import-translation.html,Submitted and indexed,INDEXING_ALLOWED,2025-12-23T12:52:40Z,PASS
https://www.smackcoders.com/ja/wp-ultimate-csv-importer-pro/pricing.html,Crawled - currently not indexed,INDEXING_ALLOWED,2025-12-30T04:04:41Z,NEUTRAL
https://www.smackcoders.com/ja/wp-ultimate-csv-importer-pro/seo-meta-data-import.html,Submitted and indexed,INDEXING_ALLOWED,2025-12-22T00:05:41Z,PASS
https://www.smackcoders.com/ja/wp-ultimate-csv-importer-pro/toolset-types-import.html,Submitted and indexed,INDEXING_ALLOWED,2025-12-27T14:29:01Z,PASS
https://www.smackcoders.com/ja/wp-ultimate-csv-importer-pro/woocommerce-import-products.html,Submitted and indexed,INDEXING_ALLOWED,2025-12-27T13:29:05Z,PASS
https://www.smackcoders.com/ja/wp-ultimate-exporter.html,Submitted and indexed,INDEXING_ALLOWED,2026-01-27T02:07:01Z,PASS
https://www.smackcoders.com/manage-large-wordpress-sites-without-slowing-down.html,Submitted and indexed,INDEXING_ALLOWED,2026-01-26T01:37:41Z,PASS
https://www.smackcoders.com/partnership.html,Submitted and indexed,INDEXING_ALLOWED,2026-01-26T16:51:51Z,PASS
https://www.smackcoders.com/privacy-policy.html,Submitted and indexed,INDEXING_ALLOWED,2026-01-24T04:37:28Z,PASS
https://www.smackcoders.com/refund-policy.html,Submitted and indexed,INDEXING_ALLOWED,2026-01-20T21:58:04Z,PASS
https://www.smackcoders.com/support.html,Submitted and indexed,INDEXING_ALLOWED,2026-01-26T16:21:48Z,PASS
https://www.smackcoders.com/terms-and-conditions.html,Submitted and indexed,INDEXING_ALLOWED,2025-12-25T09:01:04Z,PASS
https://www.smackcoders.com/woocommerce-to-shopify-sync-pro.html,Submitted and indexed,INDEXING_ALLOWED,2026-01-17T05:36:54Z,PASS
https://www.smackcoders.com/wordpress.html,Submitted and indexed,INDEXING_ALLOWED,2026-01-26T19:51:10Z,PASS
https://www.smackcoders.com/wp-all-import-alternative.html,Submitted and indexed,INDEXING_ALLOWED,2026-01-22T12:03:03Z,PASS
https://www.smackcoders.com/wp-follow-up-emails.html,Submitted and indexed,INDEXING_ALLOWED,2026-01-26T18:46:40Z,PASS
https://www.smackcoders.com/wp-leads-builder-any-crm-pro.html,Submitted and indexed,INDEXING_ALLOWED,2026-01-23T20:26:18Z,PASS
https://www.smackcoders.com/wp-ultimate-csv-importer-pro.html,Submitted and indexed,INDEXING_ALLOWED,2026-01-25T09:21:27Z,PASS
https://www.smackcoders.com/wp-ultimate-csv-importer-pro/changelog.html,Submitted and indexed,INDEXING_ALLOWED,2026-01-19T16:50:51Z,PASS
https://www.smackcoders.com/wp-ultimate-csv-importer-pro/features.html,Submitted and indexed,INDEXING_ALLOWED,2026-01-23T00:52:27Z,PASS
https://www.smackcoders.com/wp-ultimate-csv-importer-pro/import-acf-custom-fields-from-csv.html,Submitted and indexed,INDEXING_ALLOWED,2026-01-14T10:15:10Z,PASS
https://www.smackcoders.com/wp-ultimate-csv-importer-pro/import-meta-box-fields.html,Submitted and indexed,INDEXING_ALLOWED,2026-01-20T21:07:03Z,PASS
https://www.smackcoders.com/wp-ultimate-csv-importer-pro/import-wpml-multilingual-content.html,Submitted and indexed,INDEXING_ALLOWED,2026-01-16T08:39:14Z,PASS
https://www.smackcoders.com/wp-ultimate-csv-importer-pro/jetengine-cct-import.html,Submitted and indexed,INDEXING_ALLOWED,2026-01-16T15:23:11Z,PASS
https://www.smackcoders.com/wp-ultimate-csv-importer-pro/polylang-import-translation.html,Submitted and indexed,INDEXING_ALLOWED,2026-01-25T18:18:18Z,PASS
https://www.smackcoders.com/wp-ultimate-csv-importer-pro/pricing.html,Submitted and indexed,INDEXING_ALLOWED,2026-01-23T09:49:14Z,PASS
https://www.smackcoders.com/wp-ultimate-csv-importer-pro/seo-meta-data-import.html,Submitted and indexed,INDEXING_ALLOWED,2026-01-15T18:24:04Z,PASS
https://www.smackcoders.com/wp-ultimate-csv-importer-pro/toolset-types-import.html,Submitted and indexed,INDEXING_ALLOWED,2025-12-27T00:32:13Z,PASS
https://www.smackcoders.com/wp-ultimate-csv-importer-pro/woocommerce-import-products.html,Submitted and indexed,INDEXING_ALLOWED,2026-01-20T22:07:33Z,PASS
https://www.smackcoders.com/wp-ultimate-exporter.html,Submitted and indexed,INDEXING_ALLOWED,2026-01-26T16:28:24Z,PASS
