page,total_clicks,total_impressions,avg_ctr,avg_position
https://www.smackcoders.com/,0,0,0.0,0.0
https://www.smackcoders.com/about-us.html,0,0,0.0,0.0
https://www.smackcoders.com/aio-wp-media-library-manager.html,0,0,0.0,0.0
https://www.smackcoders.com/blog.html,0,0,0.0,0.0
https://www.smackcoders.com/blog.html/2?utm_source=web&utm_campaign=wp_org&utm_medium=readme,0,0,0.0,0.0
https://www.smackcoders.com/blog.html/4?referrer=wordpress.com,0,0,0.0,0.0
https://www.smackcoders.com/blog.html/7?utm_source,0,0,0.0,0.0
https://www.smackcoders.com/blog/a-guide-to-wordpress-caching.html,0,0,0.0,0.0
https://www.smackcoders.com/blog/add-external-urls-to-featured-images-wordpress.html,0,0,0.0,0.0
https://www.smackcoders.com/blog/add-external-urls-to-featured-images-wordpress.html#frequently-asked-questions,0,0,0.0,0.0
https://www.smackcoders.com/blog/add-external-urls-to-featured-images-wordpress.html#how-to-add-external-url-links-to-word-press-posts-pages,0,0,0.0,0.0
https://www.smackcoders.com/blog/add-external-urls-to-featured-images-wordpress.html#importing-bulk-external-ur-ls-to-featured-images-in-word-press-posts-pages-and-custom-posts,0,0,0.0,0.0
https://www.smackcoders.com/blog/add-external-urls-to-featured-images-wordpress.html#word-press-set-featured-images-from-url-programmatically,0,0,0.0,0.0
https://www.smackcoders.com/blog/advanced-techniques-for-wordpress-import-and-export.html,0,0,0.0,0.0
https://www.smackcoders.com/blog/advanced-techniques-for-wordpress-import-and-export.html#exporting-your-self-hosted-word-press-website-content,0,0,0.0,0.0
https://www.smackcoders.com/blog/advanced-techniques-for-wordpress-import-and-export.html#importing-word-press-data-to-a-new-host,0,0,0.0,0.0
https://www.smackcoders.com/blog/advanced-techniques-for-wordpress-import-and-export.html#manual-export-via-word-press-tools,0,0,0.0,0.0
https://www.smackcoders.com/blog/advanced-techniques-for-wordpress-import-and-export.html#manual-import-via-word-press-tools,0,0,0.0,0.0
https://www.smackcoders.com/blog/advanced-techniques-for-wordpress-import-and-export.html#pros-and-cons-of-each-plugin,0,0,0.0,0.0
https://www.smackcoders.com/blog/advanced-techniques-for-wordpress-import-and-export.html#step-by-step-guide-for-each-plugin,0,0,0.0,0.0
https://www.smackcoders.com/blog/advanced-techniques-for-wordpress-import-and-export.html#word-press-import-export-plugins,0,0,0.0,0.0
https://www.smackcoders.com/blog/ai-generated-wordpress-content-import.html,0,0,0.0,0.0
https://www.smackcoders.com/blog/ai-in-wordpress.html,0,0,0.0,0.0
https://www.smackcoders.com/blog/ai-in-wordpress.html#11-best-ways-to-use-ai-in-word-press,0,0,0.0,0.0
https://www.smackcoders.com/blog/ai-in-wordpress.html#build-and-design-a-website,0,0,0.0,0.0
https://www.smackcoders.com/blog/ai-in-wordpress.html#top-ai-word-press-plugins,0,0,0.0,0.0
https://www.smackcoders.com/blog/ai-powered-personalization-for-ecommerce.html,0,0,0.0,0.0
https://www.smackcoders.com/blog/ai-wordpress-security.html,0,0,0.0,0.0
https://www.smackcoders.com/blog/avoid-common-woocommerce-store-mistakes.html,0,0,0.0,0.0
https://www.smackcoders.com/blog/best-multipurpose-wordpress-themes.html,0,0,0.0,0.0
https://www.smackcoders.com/blog/best-practices-for-wordpress-sites.html,0,0,0.0,0.0
https://www.smackcoders.com/blog/best-woocommerce-affiliate-plugins.html,0,0,0.0,0.0
https://www.smackcoders.com/blog/best-woocommerce-affiliate-plugins.html#10-best-woo-commerce-affiliate-plugins-2025,0,0,0.0,0.0
https://www.smackcoders.com/blog/best-woocommerce-affiliate-plugins.html#benefits-of-running-an-affiliate-program-for-woo-commerce-stores,0,0,0.0,0.0
https://www.smackcoders.com/blog/best-woocommerce-affiliate-plugins.html#maximize-your-woo-commerce-affiliate-programs-success,0,0,0.0,0.0
https://www.smackcoders.com/blog/best-woocommerce-plugins.html,0,0,0.0,0.0
https://www.smackcoders.com/blog/best-wordpress-speed-optimization-plugins.html,0,0,0.0,0.0
https://www.smackcoders.com/blog/build-dynamic-wordpress-sites-with-custom-post-types.html,0,0,0.0,0.0
https://www.smackcoders.com/blog/create-a-form-in-wordpress-without-plugins.html,0,0,0.0,0.0
https://www.smackcoders.com/blog/create-a-form-in-wordpress-without-plugins.html#gathering-your-tools-html-css-and-php,0,0,0.0,0.0
https://www.smackcoders.com/blog/create-a-form-in-wordpress-without-plugins.html#reasons-to-build-forms-without-plugins,0,0,0.0,0.0
https://www.smackcoders.com/blog/create-a-form-in-wordpress-without-plugins.html#your-forms-html-structure,0,0,0.0,0.0
https://www.smackcoders.com/blog/create-a-multilingual-website-with-wpml.html,0,0,0.0,0.0
https://www.smackcoders.com/blog/create-a-multilingual-website-with-wpml.html#installing-wpml,0,0,0.0,0.0
https://www.smackcoders.com/blog/create-a-multilingual-website-with-wpml.html#steps-to-register-with-site-key-in-wpml,0,0,0.0,0.0
https://www.smackcoders.com/blog/create-a-multilingual-website-with-wpml.html#why-use-wpml-to-create-a-multilingual-website-in-word-press,0,0,0.0,0.0
https://www.smackcoders.com/blog/create-an-online-store-with-wordpress.html,0,0,0.0,0.0
https://www.smackcoders.com/blog/create-an-online-store-with-wordpress.html#step-1-choose-the-right-hosting-this-is-your-foundation,0,0,0.0,0.0
https://www.smackcoders.com/blog/create-an-online-store-with-wordpress.html#step-2-install-word-press-in-minutes,0,0,0.0,0.0
https://www.smackcoders.com/blog/create-an-online-store-with-wordpress.html#step-3-choose-the-perfect-theme,0,0,0.0,0.0
https://www.smackcoders.com/blog/create-an-online-store-with-wordpress.html#step-4-customize-your-site-with-elementor,0,0,0.0,0.0
https://www.smackcoders.com/blog/create-an-online-store-with-wordpress.html#step-5-set-up-woo-commerce,0,0,0.0,0.0
https://www.smackcoders.com/blog/create-an-online-store-with-wordpress.html#why-pick-word-press-for-your-store,0,0,0.0,0.0
https://www.smackcoders.com/blog/create-and-import-custom-post-types-in-wordpress.html,0,0,0.0,0.0
https://www.smackcoders.com/blog/create-and-import-custom-post-types-in-wordpress.html#ultimate-csv-importer-word-press-import-csv-to-custom-post-types,0,0,0.0,0.0
https://www.smackcoders.com/blog/create-and-import-custom-post-types-in-wordpress.html#what-is-custom-post-type-in-word-press,0,0,0.0,0.0
https://www.smackcoders.com/blog/create-custom-taxonomies-with-acf.html,0,0,0.0,0.0
https://www.smackcoders.com/blog/ecommerce-video-marketing.html,0,0,0.0,0.0
https://www.smackcoders.com/blog/enable-configure-wp-cron.html,0,0,0.0,0.0
https://www.smackcoders.com/blog/enable-configure-wp-cron.html#hooking-wp-cron-in-the-task-scheduler,0,0,0.0,0.0
https://www.smackcoders.com/blog/enable-configure-wp-cron.html#is-word-press-cron-enabled-how-to-enable-word-press-cron,0,0,0.0,0.0
https://www.smackcoders.com/blog/enable-configure-wp-cron.html#mac-linux,0,0,0.0,0.0
https://www.smackcoders.com/blog/enable-configure-wp-cron.html#word-press-cron-job-or-wp-cron-not-working,0,0,0.0,0.0
https://www.smackcoders.com/blog/essential-steps-to-launch-a-wordpress-site-the-right-way.html,0,0,0.0,0.0
https://www.smackcoders.com/blog/export-import-advanced-custom-fields-csv-wordpress.html,0,0,0.0,0.0
https://www.smackcoders.com/blog/export-import-advanced-custom-fields-csv-wordpress.html#acf-field-types-explained,0,0,0.0,0.0
https://www.smackcoders.com/blog/export-import-advanced-custom-fields-csv-wordpress.html#export-acf-fields-in-word-press-as-csv,0,0,0.0,0.0
https://www.smackcoders.com/blog/export-import-advanced-custom-fields-csv-wordpress.html#export-import-of-advanced-custom-fields-data-from-csv,0,0,0.0,0.0
https://www.smackcoders.com/blog/export-import-advanced-custom-fields-csv-wordpress.html#import-acf-fields-in-word-press-from-csv,0,0,0.0,0.0
https://www.smackcoders.com/blog/export-import-advanced-custom-fields-csv-wordpress.html#wp-ultimate-csv-importer-pro,0,0,0.0,0.0
https://www.smackcoders.com/blog/export-import-single-wordpress-post-page-product.html,0,0,0.0,0.0
https://www.smackcoders.com/blog/export-import-single-wordpress-post-page-product.html#exciting-enhancements-in-wp-ultimate-csv-importer-pro-8-1,0,0,0.0,0.0
https://www.smackcoders.com/blog/export-import-single-wordpress-post-page-product.html#key-benefits-of-this-feature,0,0,0.0,0.0
https://www.smackcoders.com/blog/export-import-single-wordpress-post-page-product.html#key-features-of-single-post-csv-import-export,0,0,0.0,0.0
https://www.smackcoders.com/blog/export-import-single-wordpress-post-page-product.html#why-do-you-need-to-export-and-import-single-post-page-custom-post-record,0,0,0.0,0.0
https://www.smackcoders.com/blog/export-woocommerce-orders-to-google-sheets.html,0,0,0.0,0.0
https://www.smackcoders.com/blog/how-to-add-a-free-wordpress-contact-form.html,0,0,0.0,0.0
https://www.smackcoders.com/blog/how-to-export-wordpress-users.html,0,0,0.0,0.0
https://www.smackcoders.com/blog/how-to-export-wordpress-users.html#1-using-the-php-my-admin-method,0,0,0.0,0.0
https://www.smackcoders.com/blog/how-to-export-wordpress-users.html#2-using-the-wp-cli-command,0,0,0.0,0.0
https://www.smackcoders.com/blog/how-to-export-wordpress-users.html#4-third-party-services,0,0,0.0,0.0
https://www.smackcoders.com/blog/how-to-export-wordpress-users.html#how-to-export-word-press-users-with-wp-ultimate-csv-importer-plugin,0,0,0.0,0.0
https://www.smackcoders.com/blog/how-to-export-wordpress-users.html#methods-to-export-word-press-users,0,0,0.0,0.0
https://www.smackcoders.com/blog/how-to-export-wordpress-users.html#the-basics-of-user-export,0,0,0.0,0.0
https://www.smackcoders.com/blog/how-to-import-csv-file-in-wordpress-without-plugin.html,0,0,0.0,0.0
https://www.smackcoders.com/blog/how-to-import-csv-file-in-wordpress-without-plugin.html#import-using-json-advanced,0,0,0.0,0.0
https://www.smackcoders.com/blog/how-to-import-csv-file-in-wordpress-without-plugin.html#importing-different-data-types-without-a-plugin,0,0,0.0,0.0
https://www.smackcoders.com/blog/how-to-import-csv-file-in-wordpress-without-plugin.html#methods-to-import-csv-files-into-word-press-without-a-plugin,0,0,0.0,0.0
https://www.smackcoders.com/blog/how-to-import-csv-file-in-wordpress-without-plugin.html#steps-for-importing-csv-to-word-press-without-a-plugin,0,0,0.0,0.0
https://www.smackcoders.com/blog/how-to-import-csv-file-in-wordpress-without-plugin.html#when-and-why-to-import-cs-vs-without-plugins,0,0,0.0,0.0
https://www.smackcoders.com/blog/how-to-import-csv-file-in-wordpress-without-plugin.html#wp-cli-for-advanced-users,0,0,0.0,0.0
https://www.smackcoders.com/blog/how-to-import-csv-file-in-wordpress.html,0,0,0.0,0.0
https://www.smackcoders.com/blog/how-to-import-csv-file-in-wordpress.html#enhancing-csv-file-imports,0,0,0.0,0.0
https://www.smackcoders.com/blog/how-to-import-csv-file-in-wordpress.html#methods-for-importing-csv-files,0,0,0.0,0.0
https://www.smackcoders.com/blog/how-to-import-page-to-wordpress.html,0,0,0.0,0.0
https://www.smackcoders.com/blog/how-to-import-page-to-wordpress.html#common-scenarios-and-methods-to-import-pages-into-word-press,0,0,0.0,0.0
https://www.smackcoders.com/blog/how-to-import-page-to-wordpress.html#step-by-step-import-word-press-pages-via-rest-api,0,0,0.0,0.0
https://www.smackcoders.com/blog/how-to-import-page-to-wordpress.html#types-of-pages-you-can-import,0,0,0.0,0.0
https://www.smackcoders.com/blog/how-to-install-ioncube-loaders-simple-steps-for-various-hosting-types.html,0,0,0.0,0.0
https://www.smackcoders.com/blog/how-to-install-wamp-and-xampp.html,0,0,0.0,0.0
https://www.smackcoders.com/blog/how-to-prepare-woocommerce-for-high-traffic.html,0,0,0.0,0.0
https://www.smackcoders.com/blog/how-to-restore-wordpress-site-from-backup.html,0,0,0.0,0.0
https://www.smackcoders.com/blog/how-to-restore-wordpress-site-from-backup.html#import-your-word-press-website-files,0,0,0.0,0.0
https://www.smackcoders.com/blog/how-to-restore-wordpress-site-from-backup.html#modern-backup-tools-recommended-plugins,0,0,0.0,0.0
https://www.smackcoders.com/blog/how-to-restore-wordpress-site-from-backup.html#points-to-be-remembered-before-importing-a-word-press-site-from-the-backup,0,0,0.0,0.0
https://www.smackcoders.com/blog/how-to-restore-wordpress-site-from-backup.html#restore-word-press-site-the-benefits,0,0,0.0,0.0
https://www.smackcoders.com/blog/how-to-restore-wordpress-site-from-backup.html#steps-to-back-up-word-press-data,0,0,0.0,0.0
https://www.smackcoders.com/blog/import-and-export-woocommerce-customers.html,0,0,0.0,0.0
https://www.smackcoders.com/blog/import-export-custom-post-types-plugin-data.html,0,0,0.0,0.0
https://www.smackcoders.com/blog/import-export-custom-post-types-plugin-data.html#about-the-custom-post-types-plugin,0,0,0.0,0.0
https://www.smackcoders.com/blog/import-export-custom-post-types-plugin-data.html#importing-custom-post-type-data,0,0,0.0,0.0
https://www.smackcoders.com/blog/import-export-elementor-as-csv.html,0,0,0.0,0.0
https://www.smackcoders.com/blog/import-export-elementor-as-csv.html#how-to-bulk-export-import-of-elementor-templates,0,0,0.0,0.0
https://www.smackcoders.com/blog/import-export-elementor-as-csv.html#how-to-export-and-import-content-designed-with-elementor,0,0,0.0,0.0
https://www.smackcoders.com/blog/import-export-gravity-forms-entries.html,0,0,0.0,0.0
https://www.smackcoders.com/blog/import-export-gravity-forms-entries.html#how-to-export-gravity-forms-entries,0,0,0.0,0.0
https://www.smackcoders.com/blog/import-export-gravity-forms-entries.html#preparing-your-gravity-forms-entries-for-import,0,0,0.0,0.0
https://www.smackcoders.com/blog/import-export-gravity-forms-entries.html#step-by-step-guide-to-import-gravity-forms-entries,0,0,0.0,0.0
https://www.smackcoders.com/blog/import-export-gravity-forms-entries.html#why-import-gravity-forms-entries-into-word-press,0,0,0.0,0.0
https://www.smackcoders.com/blog/import-export-gravity-forms-entries.html#why-wp-ultimate-csv-importer-plugin-for-gravity-forms-entries-import-export,0,0,0.0,0.0
https://www.smackcoders.com/blog/import-export-listings-business-directory-plugins.html,0,0,0.0,0.0
https://www.smackcoders.com/blog/import-export-listings-business-directory-plugins.html#how-to-import-listings-data,0,0,0.0,0.0
https://www.smackcoders.com/blog/import-export-listings-business-directory-plugins.html#word-press-directory-plugins-you-can-use,0,0,0.0,0.0
https://www.smackcoders.com/blog/import-export-woocommerce-product-reviews.html,0,0,0.0,0.0
https://www.smackcoders.com/blog/import-export-woocommerce-product-reviews.html#how-to-import-product-reviews-into-woo-commerce,0,0,0.0,0.0
https://www.smackcoders.com/blog/import-export-woocommerce-product-reviews.html#how-to-set-up-product-reviews-in-woo-commerce,0,0,0.0,0.0
https://www.smackcoders.com/blog/import-export-woocommerce-product-reviews.html#what-is-woo-commerce-product-reviews,0,0,0.0,0.0
https://www.smackcoders.com/blog/import-posts-or-products-from-excel-to-wordpress.html,0,0,0.0,0.0
https://www.smackcoders.com/blog/import-variable-products-into-woocommerce.html,0,0,0.0,0.0
https://www.smackcoders.com/blog/import-variable-products-into-woocommerce.html#exporting-woo-commerce-variations-for-variable-products,0,0,0.0,0.0
https://www.smackcoders.com/blog/import-variable-products-into-woocommerce.html#step-by-step-guide-to-importing-variations-for-woo-commerce-variable-products,0,0,0.0,0.0
https://www.smackcoders.com/blog/import-woocommerce-products-with-custom-fields.html,0,0,0.0,0.0
https://www.smackcoders.com/blog/import-yith-order-tracking-data-and-export-with-csv-importer.html,0,0,0.0,0.0
https://www.smackcoders.com/blog/improve-core-web-vitals-in-wordpress.html,0,0,0.0,0.0
https://www.smackcoders.com/blog/introducing-wp-ultimate-csv-importer-8-11.html,0,0,0.0,0.0
https://www.smackcoders.com/blog/mastering-wpml-language-localization.html,0,0,0.0,0.0
https://www.smackcoders.com/blog/mastering-wpml-language-localization.html#how-to-change-language-code,0,0,0.0,0.0
https://www.smackcoders.com/blog/mastering-wpml-language-localization.html#how-to-change-the-original-language-in-wpml,0,0,0.0,0.0
https://www.smackcoders.com/blog/migrate-shopify-to-woocommerce.html,0,0,0.0,0.0
https://www.smackcoders.com/blog/monthly-wordpress-maintenance-checklist.html,0,0,0.0,0.0
https://www.smackcoders.com/blog/onc-click-import-and-migrate-wordpress.html,0,0,0.0,0.0
https://www.smackcoders.com/blog/optimize-wordpress-database-for-large-sites.html,0,0,0.0,0.0
https://www.smackcoders.com/blog/polylang-import-products-woocommerce.html,0,0,0.0,0.0
https://www.smackcoders.com/blog/polylang-import-products-woocommerce.html#how-to-import-woocommerce-orders-with-polylang-translations,0,0,0.0,0.0
https://www.smackcoders.com/blog/polylang-import-products-woocommerce.html#introduction,0,0,0.0,0.0
https://www.smackcoders.com/blog/polylang-import-products-woocommerce.html#steps-for-efficient-migration-import-woo-commerce-products-with-polylang-translations,0,0,0.0,0.0
https://www.smackcoders.com/blog/polylang-import-translation-guide.html,0,0,0.0,0.0
https://www.smackcoders.com/blog/polylang-import-translation-guide.html#how-to-import-custom-post-types-and-custom-fields-in-multilingual-websites,0,0,0.0,0.0
https://www.smackcoders.com/blog/polylang-import-translation-guide.html#how-to-import-polylang-translated-content-in-your-multilingual-websites,0,0,0.0,0.0
https://www.smackcoders.com/blog/polylang-import-translation-guide.html#how-to-import-posts-and-pages-in-polylang-translation,0,0,0.0,0.0
https://www.smackcoders.com/blog/polylang-import-translation-guide.html#how-to-prepare-a-csv-to-import-the-content-of-polylang-translations,0,0,0.0,0.0
https://www.smackcoders.com/blog/polylang-plugin-for-wordpress.html,0,0,0.0,0.0
https://www.smackcoders.com/blog/ppom-for-woocommerce-import-export-custom-fields.html,0,0,0.0,0.0
https://www.smackcoders.com/blog/reduce-page-load-time-on-high-content-sites.html,0,0,0.0,0.0
https://www.smackcoders.com/blog/scale-wordpress-for-high-traffic.html,0,0,0.0,0.0
https://www.smackcoders.com/blog/scaling-woocommerce-manage-products-orders.html,0,0,0.0,0.0
https://www.smackcoders.com/blog/security-fix-for-wp-ultimate-csv-importer.html,0,0,0.0,0.0
https://www.smackcoders.com/blog/speed-up-your-wordpress-website.html,0,0,0.0,0.0
https://www.smackcoders.com/blog/speed-up-your-wordpress-website.html#tip-1-choose-a-fast-and-lightweight-theme,0,0,0.0,0.0
https://www.smackcoders.com/blog/speed-up-your-wordpress-website.html#tip-2-use-a-caching-plugin,0,0,0.0,0.0
https://www.smackcoders.com/blog/speed-up-your-wordpress-website.html#tip-3-optimize-images,0,0,0.0,0.0
https://www.smackcoders.com/blog/speed-up-your-wordpress-website.html#tip-4-enable-lazy-loading,0,0,0.0,0.0
https://www.smackcoders.com/blog/speed-up-your-wordpress-website.html#tip-5-make-use-of-a-content-delivery-network-cdn,0,0,0.0,0.0
https://www.smackcoders.com/blog/speed-up-your-wordpress-website.html#tip-7-minimize-http-requests,0,0,0.0,0.0
https://www.smackcoders.com/blog/speed-up-your-wordpress-website.html#tip-8-limit-external-scripts,0,0,0.0,0.0
https://www.smackcoders.com/blog/ultimate-csv-importer-8-6-wp-rentals-serialized.html,0,0,0.0,0.0
https://www.smackcoders.com/blog/ultimate-csv-importer-pro-v8-2.html,0,0,0.0,0.0
https://www.smackcoders.com/blog/update-outdated-wordpress-plugins-data.html,0,0,0.0,0.0
https://www.smackcoders.com/blog/voice-search-optimization.html,0,0,0.0,0.0
https://www.smackcoders.com/blog/woocommerce-inventory-management.html,0,0,0.0,0.0
https://www.smackcoders.com/blog/woocommerce-maintenance-tasks.html,0,0,0.0,0.0
https://www.smackcoders.com/blog/woocommerce-variable-pricing-calculator.html,0,0,0.0,0.0
https://www.smackcoders.com/blog/woocommerce-vs-magento-pros-and-cons.html,0,0,0.0,0.0
https://www.smackcoders.com/blog/wordpress-admin-productivity-hacks.html,0,0,0.0,0.0
https://www.smackcoders.com/blog/wordpress-backup-restore-strategy.html,0,0,0.0,0.0
https://www.smackcoders.com/blog/wordpress-database-optimization.html,0,0,0.0,0.0
https://www.smackcoders.com/blog/wordpress-popup-builders.html,0,0,0.0,0.0
https://www.smackcoders.com/blog/wordpress-security-best-practices.html,0,0,0.0,0.0
https://www.smackcoders.com/blog/wordpress-security-checklist.html,0,0,0.0,0.0
https://www.smackcoders.com/blog/wordpress-seo-guide.html,0,0,0.0,0.0
https://www.smackcoders.com/blog/wordpress-seo-plugins.html,0,0,0.0,0.0
https://www.smackcoders.com/blog/wordpress-ultimate-csv-importer-csv-sample-files-and-updates.html,0,0,0.0,0.0
https://www.smackcoders.com/blog/wordpress-ultimate-csv-importer-csv-sample-files-and-updates.html#sample-files-for-word-press-csv-xml-import,0,0,0.0,0.0
https://www.smackcoders.com/blog/wordpress-ultimate-csv-importer-csv-sample-files-and-updates.html#word-press-csv-import,0,0,0.0,0.0
https://www.smackcoders.com/blog/wordpress-ultimate-csv-importer-csv-sample-files-and-updates.html#word-press-xml-import,0,0,0.0,0.0
https://www.smackcoders.com/blog/wordpress-user-role-management-master-guide.html,0,0,0.0,0.0
https://www.smackcoders.com/blog/wp-query-ultimate-csv-importer-pro.html,0,0,0.0,0.0
https://www.smackcoders.com/blog/wp-ultimate-csv-importer-8-7-update.html,0,0,0.0,0.0
https://www.smackcoders.com/blog/wp-ultimate-csv-importer-8-8-ai-preview-validation.html,0,0,0.0,0.0
https://www.smackcoders.com/blog/wp-ultimate-csv-importer-pro-price-update.html,0,0,0.0,0.0
https://www.smackcoders.com/contact-us.html,0,0,0.0,0.0
https://www.smackcoders.com/crocoblock-deals.html,0,0,0.0,0.0
https://www.smackcoders.com/deals.html,0,0,0.0,0.0
https://www.smackcoders.com/documentation.html,0,0,0.0,0.0
https://www.smackcoders.com/documentation/easy-inventory/easy-inventory-and-stock-manager,0,0,0.0,0.0
https://www.smackcoders.com/documentation/follow-up-email/follow-up-emails-plugin,0,0,0.0,0.0
https://www.smackcoders.com/documentation/woocommerce-to-shopify-integration/woocommerce-to-shopify-customer-sync,0,0,0.0,0.0
https://www.smackcoders.com/documentation/woocommerce-to-shopify-integration/woocommerce-to-shopify-field-mapping,0,0,0.0,0.0
https://www.smackcoders.com/documentation/woocommerce-to-shopify-integration/woocommerce-to-shopify-integration-authentication-setup,0,0,0.0,0.0
https://www.smackcoders.com/documentation/woocommerce-to-shopify-integration/woocommerce-to-shopify-integration-plugin,0,0,0.0,0.0
https://www.smackcoders.com/documentation/woocommerce-to-shopify-integration/woocommerce-to-shopify-sync-faq,0,0,0.0,0.0
https://www.smackcoders.com/documentation/wordpress-leads-builder-for-any-crm-pro/e-commerce-integration,0,0,0.0,0.0
https://www.smackcoders.com/documentation/wordpress-leads-builder-for-any-crm-pro/faq-leads-builder,0,0,0.0,0.0
https://www.smackcoders.com/documentation/wordpress-leads-builder-for-any-crm-pro/lead-builder-for-any-crm,0,0,0.0,0.0
https://www.smackcoders.com/documentation/wp-ultimate-csv-importer-pro/acf-import,0,0,0.0,0.0
https://www.smackcoders.com/documentation/wp-ultimate-csv-importer-pro/acf-import#0-toc-title,0,0,0.0,0.0
https://www.smackcoders.com/documentation/wp-ultimate-csv-importer-pro/acf-import#1-toc-title,0,0,0.0,0.0
https://www.smackcoders.com/documentation/wp-ultimate-csv-importer-pro/acf-import#3-toc-title,0,0,0.0,0.0
https://www.smackcoders.com/documentation/wp-ultimate-csv-importer-pro/advanced-import-filters,0,0,0.0,0.0
https://www.smackcoders.com/documentation/wp-ultimate-csv-importer-pro/ai-integration,0,0,0.0,0.0
https://www.smackcoders.com/documentation/wp-ultimate-csv-importer-pro/bbpress-import-and-update,0,0,0.0,0.0
https://www.smackcoders.com/documentation/wp-ultimate-csv-importer-pro/chatgpt-integration,0,0,0.0,0.0
https://www.smackcoders.com/documentation/wp-ultimate-csv-importer-pro/custom-field-suite-import,0,0,0.0,0.0
https://www.smackcoders.com/documentation/wp-ultimate-csv-importer-pro/export-wordpress-data-using-wp-query,0,0,0.0,0.0
https://www.smackcoders.com/documentation/wp-ultimate-csv-importer-pro/how-to-import-csv,0,0,0.0,0.0
https://www.smackcoders.com/documentation/wp-ultimate-csv-importer-pro/how-to-import-schedule-or-update,0,0,0.0,0.0
https://www.smackcoders.com/documentation/wp-ultimate-csv-importer-pro/how-to-import-schedule-or-update#0-toc-title,0,0,0.0,0.0
https://www.smackcoders.com/documentation/wp-ultimate-csv-importer-pro/how-to-import-schedule-or-update#1-toc-title,0,0,0.0,0.0
https://www.smackcoders.com/documentation/wp-ultimate-csv-importer-pro/how-to-import-schedule-or-update#2-toc-title,0,0,0.0,0.0
https://www.smackcoders.com/documentation/wp-ultimate-csv-importer-pro/how-to-import-schedule-or-update#3-toc-title,0,0,0.0,0.0
https://www.smackcoders.com/documentation/wp-ultimate-csv-importer-pro/how-to-import-variable-products-in-woocommerce,0,0,0.0,0.0
https://www.smackcoders.com/documentation/wp-ultimate-csv-importer-pro/how-to-import-variable-products-in-woocommerce#0-toc-title,0,0,0.0,0.0
https://www.smackcoders.com/documentation/wp-ultimate-csv-importer-pro/how-to-import-variable-products-in-woocommerce#1-toc-title,0,0,0.0,0.0
https://www.smackcoders.com/documentation/wp-ultimate-csv-importer-pro/how-to-import-variable-products-in-woocommerce#2-toc-title,0,0,0.0,0.0
https://www.smackcoders.com/documentation/wp-ultimate-csv-importer-pro/how-to-import-variable-products-in-woocommerce#3-toc-title,0,0,0.0,0.0
https://www.smackcoders.com/documentation/wp-ultimate-csv-importer-pro/how-to-import-variable-products-in-woocommerce#4-toc-title,0,0,0.0,0.0
https://www.smackcoders.com/documentation/wp-ultimate-csv-importer-pro/how-to-import-variable-products-in-woocommerce#5-toc-title,0,0,0.0,0.0
https://www.smackcoders.com/documentation/wp-ultimate-csv-importer-pro/how-to-import-woocommerce-orders,0,0,0.0,0.0
https://www.smackcoders.com/documentation/wp-ultimate-csv-importer-pro/import-and-export-listings-and-owners-in-wp-rentals,0,0,0.0,0.0
https://www.smackcoders.com/documentation/wp-ultimate-csv-importer-pro/import-and-export-lms-data,0,0,0.0,0.0
https://www.smackcoders.com/documentation/wp-ultimate-csv-importer-pro/import-and-export-nextgen-gallery-images,0,0,0.0,0.0
https://www.smackcoders.com/documentation/wp-ultimate-csv-importer-pro/import-and-export-nextgen-gallery-images#0-toc-title,0,0,0.0,0.0
https://www.smackcoders.com/documentation/wp-ultimate-csv-importer-pro/import-and-export-nextgen-gallery-images#1-toc-title,0,0,0.0,0.0
https://www.smackcoders.com/documentation/wp-ultimate-csv-importer-pro/import-and-export-nextgen-gallery-images#2-toc-title,0,0,0.0,0.0
https://www.smackcoders.com/documentation/wp-ultimate-csv-importer-pro/import-and-export-woocommerce-reviews,0,0,0.0,0.0
https://www.smackcoders.com/documentation/wp-ultimate-csv-importer-pro/import-and-export-woocommerce-reviews#0-toc-title,0,0,0.0,0.0
https://www.smackcoders.com/documentation/wp-ultimate-csv-importer-pro/import-and-export-woocommerce-reviews#1-toc-title,0,0,0.0,0.0
https://www.smackcoders.com/documentation/wp-ultimate-csv-importer-pro/import-and-export-woocommerce-reviews#2-toc-title,0,0,0.0,0.0
https://www.smackcoders.com/documentation/wp-ultimate-csv-importer-pro/import-and-export-wordpress-users,0,0,0.0,0.0
https://www.smackcoders.com/documentation/wp-ultimate-csv-importer-pro/import-business-directory-listings-in-wordpress,0,0,0.0,0.0
https://www.smackcoders.com/documentation/wp-ultimate-csv-importer-pro/import-data-from-excel-to-wordpress,0,0,0.0,0.0
https://www.smackcoders.com/documentation/wp-ultimate-csv-importer-pro/import-events-into-wordpress,0,0,0.0,0.0
https://www.smackcoders.com/documentation/wp-ultimate-csv-importer-pro/import-export-acpt-fields-in-wordpress,0,0,0.0,0.0
https://www.smackcoders.com/documentation/wp-ultimate-csv-importer-pro/import-export-jetbookings-data,0,0,0.0,0.0
https://www.smackcoders.com/documentation/wp-ultimate-csv-importer-pro/import-export-user-members,0,0,0.0,0.0
https://www.smackcoders.com/documentation/wp-ultimate-csv-importer-pro/import-export-users-with-multiple-user-roles,0,0,0.0,0.0
https://www.smackcoders.com/documentation/wp-ultimate-csv-importer-pro/import-images-into-wordpress,0,0,0.0,0.0
https://www.smackcoders.com/documentation/wp-ultimate-csv-importer-pro/import-images-into-wordpress#0-toc-title,0,0,0.0,0.0
https://www.smackcoders.com/documentation/wp-ultimate-csv-importer-pro/import-images-into-wordpress#1-toc-title,0,0,0.0,0.0
https://www.smackcoders.com/documentation/wp-ultimate-csv-importer-pro/import-jetreview-data-into-wordpress,0,0,0.0,0.0
https://www.smackcoders.com/documentation/wp-ultimate-csv-importer-pro/import-serialized-fields-data,0,0,0.0,0.0
https://www.smackcoders.com/documentation/wp-ultimate-csv-importer-pro/import-woocommerce-customers,0,0,0.0,0.0
https://www.smackcoders.com/documentation/wp-ultimate-csv-importer-pro/import-wordpress-categories-and-tags,0,0,0.0,0.0
https://www.smackcoders.com/documentation/wp-ultimate-csv-importer-pro/import-wordpress-categories-and-tags#0-toc-title,0,0,0.0,0.0
https://www.smackcoders.com/documentation/wp-ultimate-csv-importer-pro/import-wordpress-categories-and-tags#1-toc-title,0,0,0.0,0.0
https://www.smackcoders.com/documentation/wp-ultimate-csv-importer-pro/import-wordpress-categories-and-tags#2-toc-title,0,0,0.0,0.0
https://www.smackcoders.com/documentation/wp-ultimate-csv-importer-pro/import-wordpress-categories-and-tags#3-toc-title,0,0,0.0,0.0
https://www.smackcoders.com/documentation/wp-ultimate-csv-importer-pro/importer-faq,0,0,0.0,0.0
https://www.smackcoders.com/documentation/wp-ultimate-csv-importer-pro/importer-faq#6-toc-title,0,0,0.0,0.0
https://www.smackcoders.com/documentation/wp-ultimate-csv-importer-pro/importer-faq#7-toc-title,0,0,0.0,0.0
https://www.smackcoders.com/documentation/wp-ultimate-csv-importer-pro/iteration-based-import,0,0,0.0,0.0
https://www.smackcoders.com/documentation/wp-ultimate-csv-importer-pro/jet-engine-data-import,0,0,0.0,0.0
https://www.smackcoders.com/documentation/wp-ultimate-csv-importer-pro/jet-engine-data-import#0-toc-title,0,0,0.0,0.0
https://www.smackcoders.com/documentation/wp-ultimate-csv-importer-pro/jet-engine-data-import#3-toc-title,0,0,0.0,0.0
https://www.smackcoders.com/documentation/wp-ultimate-csv-importer-pro/learnpress-data-import,0,0,0.0,0.0
https://www.smackcoders.com/documentation/wp-ultimate-csv-importer-pro/let-clients-export-wordpress-data,0,0,0.0,0.0
https://www.smackcoders.com/documentation/wp-ultimate-csv-importer-pro/meta-box-custom-field-cloneable,0,0,0.0,0.0
https://www.smackcoders.com/documentation/wp-ultimate-csv-importer-pro/meta-box-custom-field-cloneable#1-toc-title,0,0,0.0,0.0
https://www.smackcoders.com/documentation/wp-ultimate-csv-importer-pro/meta-box-custom-field-cloneable#4-toc-title,0,0,0.0,0.0
https://www.smackcoders.com/documentation/wp-ultimate-csv-importer-pro/metabox-import-export,0,0,0.0,0.0
https://www.smackcoders.com/documentation/wp-ultimate-csv-importer-pro/migrate-wordpress-and-woocommerce-data,0,0,0.0,0.0
https://www.smackcoders.com/documentation/wp-ultimate-csv-importer-pro/polylang-multilingual-content-import-export,0,0,0.0,0.0
https://www.smackcoders.com/documentation/wp-ultimate-csv-importer-pro/polylang-multilingual-content-import-export#0-toc-title,0,0,0.0,0.0
https://www.smackcoders.com/documentation/wp-ultimate-csv-importer-pro/polylang-multilingual-content-import-export#2-toc-title,0,0,0.0,0.0
https://www.smackcoders.com/documentation/wp-ultimate-csv-importer-pro/post-page-custompost-import,0,0,0.0,0.0
https://www.smackcoders.com/documentation/wp-ultimate-csv-importer-pro/rankmath-data-import-and-export,0,0,0.0,0.0
https://www.smackcoders.com/documentation/wp-ultimate-csv-importer-pro/rankmath-data-import-and-export#2-toc-title,0,0,0.0,0.0
https://www.smackcoders.com/documentation/wp-ultimate-csv-importer-pro/rankmath-data-import-and-export#5-toc-title,0,0,0.0,0.0
https://www.smackcoders.com/documentation/wp-ultimate-csv-importer-pro/seo-import,0,0,0.0,0.0
https://www.smackcoders.com/documentation/wp-ultimate-csv-importer-pro/seopress-import-export,0,0,0.0,0.0
https://www.smackcoders.com/documentation/wp-ultimate-csv-importer-pro/slim-seo-metadata-import-export,0,0,0.0,0.0
https://www.smackcoders.com/documentation/wp-ultimate-csv-importer-pro/toolset-types-import,0,0,0.0,0.0
https://www.smackcoders.com/documentation/wp-ultimate-csv-importer-pro/troubleshooting-guide,0,0,0.0,0.0
https://www.smackcoders.com/documentation/wp-ultimate-csv-importer-pro/what-is-elementor-import-export,0,0,0.0,0.0
https://www.smackcoders.com/documentation/wp-ultimate-csv-importer-pro/woocommerces,0,0,0.0,0.0
https://www.smackcoders.com/documentation/wp-ultimate-csv-importer-pro/woocommerces#0-toc-title,0,0,0.0,0.0
https://www.smackcoders.com/documentation/wp-ultimate-csv-importer-pro/woocommerces#5-toc-title,0,0,0.0,0.0
https://www.smackcoders.com/documentation/wp-ultimate-csv-importer-pro/woocommerces#6-toc-title,0,0,0.0,0.0
https://www.smackcoders.com/documentation/wp-ultimate-csv-importer-pro/wordpress-export-import-single-page,0,0,0.0,0.0
https://www.smackcoders.com/documentation/wp-ultimate-csv-importer-pro/wpml-multilingual-import,0,0,0.0,0.0
https://www.smackcoders.com/documentation/wp-ultimate-exporter/wordpress-exporter-guide,0,0,0.0,0.0
https://www.smackcoders.com/documentation/wp-ultimate-exporter/wordpress-exporter-guide#0-toc-title,0,0,0.0,0.0
https://www.smackcoders.com/documentation/wp-ultimate-exporter/wordpress-exporter-guide#1-toc-title,0,0,0.0,0.0
https://www.smackcoders.com/easy-inventory-and-stock-manager-for-woocommerce.html,0,0,0.0,0.0
https://www.smackcoders.com/es,0,0,0.0,0.0
https://www.smackcoders.com/es/administrador-de-bibliotecas-de-medios-aio-wp.html,0,0,0.0,0.0
https://www.smackcoders.com/es/administrador-facil-de-inventario-y-stock-para-woocommerce.html,0,0,0.0,0.0
https://www.smackcoders.com/es/alternativa-de-importacion-de-wp-all.html,0,0,0.0,0.0
https://www.smackcoders.com/es/blog/acelera-tu-sitio-web-de-wordpress.html,0,0,0.0,0.0
https://www.smackcoders.com/es/blog/como-anadir-urls-externas-a-las-imagenes-destacadas-en-wordpress.html,0,0,0.0,0.0
https://www.smackcoders.com/es/blog/como-anadir-urls-externas-a-las-imagenes-destacadas-en-wordpress.html#como-agregar-enlaces-url-externos-a-publicaciones-y-paginas-de-word-press,0,0,0.0,0.0
https://www.smackcoders.com/es/blog/como-anadir-urls-externas-a-las-imagenes-destacadas-en-wordpress.html#importacion-masiva-de-url-externas-a-imagenes-destacadas-en-publicaciones-paginas-y-publicaciones-personalizadas-de-word-press,0,0,0.0,0.0
https://www.smackcoders.com/es/blog/como-crear-e-importar-tipos-de-publicaciones-personalizadas-en-wordpress.html,0,0,0.0,0.0
https://www.smackcoders.com/es/blog/como-exportar-e-importar-campos-personalizados-avanzados.html,0,0,0.0,0.0
https://www.smackcoders.com/es/blog/como-exportar-usuarios-de-wordpress-una-guia-paso-a-paso.html,0,0,0.0,0.0
https://www.smackcoders.com/es/blog/como-habilitar-y-configurar-wp-cron.html,0,0,0.0,0.0
https://www.smackcoders.com/es/blog/como-habilitar-y-configurar-wp-cron.html#hooking-wp-cron-in-the-task-scheduler,0,0,0.0,0.0
https://www.smackcoders.com/es/blog/como-habilitar-y-configurar-wp-cron.html#is-word-press-cron-enabled-how-to-enable-word-press-cron,0,0,0.0,0.0
https://www.smackcoders.com/es/blog/como-habilitar-y-configurar-wp-cron.html#mac-linux,0,0,0.0,0.0
https://www.smackcoders.com/es/blog/como-habilitar-y-configurar-wp-cron.html#word-press-cron-job-or-wp-cron-not-working,0,0,0.0,0.0
https://www.smackcoders.com/es/blog/como-importar-archivos-csv-a-wordpress-de-manera-eficiente.html,0,0,0.0,0.0
https://www.smackcoders.com/es/blog/como-importar-archivos-csv-a-wordpress-de-manera-eficiente.html#enhancing-csv-file-imports,0,0,0.0,0.0
https://www.smackcoders.com/es/blog/como-importar-archivos-csv-a-wordpress-de-manera-eficiente.html#introduction-to-csv-files-and-word-press,0,0,0.0,0.0
https://www.smackcoders.com/es/blog/como-importar-archivos-csv-a-wordpress-de-manera-eficiente.html#methods-for-importing-csv-files,0,0,0.0,0.0
https://www.smackcoders.com/es/blog/como-importar-archivos-csv-a-wordpress-de-manera-eficiente.html#troubleshooting-and-common-issues,0,0,0.0,0.0
https://www.smackcoders.com/es/blog/como-importar-archivos-csv-a-wordpress-de-manera-eficiente.html#understanding-the-basics,0,0,0.0,0.0
https://www.smackcoders.com/es/blog/como-instalar-cargadores-ioncube-para-varios-tipos-de-alojamiento.html,0,0,0.0,0.0
https://www.smackcoders.com/es/blog/como-instalar-wamp-y-xampp.html,0,0,0.0,0.0
https://www.smackcoders.com/es/blog/como-instalar-wamp-y-xampp.html#pasos-para-importar-un-importador-de-csv,0,0,0.0,0.0
https://www.smackcoders.com/es/blog/como-instalar-wamp-y-xampp.html#por-que-xampp-y-wamp-son-esenciales-para-los-usuarios-importadores-de-csv,0,0,0.0,0.0
https://www.smackcoders.com/es/blog/como-instalar-wamp-y-xampp.html#procedimiento-de-instalacion,0,0,0.0,0.0
https://www.smackcoders.com/es/blog/como-instalar-wamp-y-xampp.html#servidor-xampp,0,0,0.0,0.0
https://www.smackcoders.com/es/blog/creacion-de-taxonomias-personalizadas-con-el-complemento-acf-una-guia-paso-a-paso.html,0,0,0.0,0.0
https://www.smackcoders.com/es/blog/ejemplos-de-archivos-csv-y-xml-para-la-importacion-de-prueba-wp-ultimate-csv-xml-importer.html,0,0,0.0,0.0
https://www.smackcoders.com/es/blog/exportar-importar-una-sola-publicacion.html,0,0,0.0,0.0
https://www.smackcoders.com/es/blog/exportar-importar-una-sola-publicacion.html#key-benefits-of-this-feature,0,0,0.0,0.0
https://www.smackcoders.com/es/blog/exportar-importar-una-sola-publicacion.html#why-do-you-need-to-export-and-import-single-post-page-custom-post-record,0,0,0.0,0.0
https://www.smackcoders.com/es/blog/exportar-pedidos-de-woocommerce-a-hojas-de-calculo-de-google.html,0,0,0.0,0.0
https://www.smackcoders.com/es/blog/funciones-avanzadas-de-polylang-para-sitios-web-multilingues.html,0,0,0.0,0.0
https://www.smackcoders.com/es/blog/ia-en-wordpress.html,0,0,0.0,0.0
https://www.smackcoders.com/es/blog/importar-exportar-resenas-productos-woocommerce.html,0,0,0.0,0.0
https://www.smackcoders.com/es/blog/importar-paginas-a-wordpress-una-guia-util.html,0,0,0.0,0.0
https://www.smackcoders.com/es/blog/importar-productos-de-woocommerce-con-campos-personalizados.html,0,0,0.0,0.0
https://www.smackcoders.com/es/blog/importar-productos-variables-a-woocommerce-usando-ultimate-csv-importer.html,0,0,0.0,0.0
https://www.smackcoders.com/es/blog/importar-y-exportar-clientes-de-woocommerce.html,0,0,0.0,0.0
https://www.smackcoders.com/es/blog/migrar-shopify-a-woocommerce.html,0,0,0.0,0.0
https://www.smackcoders.com/es/blog/personalizacion-impulsada-por-ia.html,0,0,0.0,0.0
https://www.smackcoders.com/es/blog/plugins-de-afiliados-de-woocommerce.html,0,0,0.0,0.0
https://www.smackcoders.com/es/blog/plugins-de-afiliados-de-woocommerce.html#10-best-woo-commerce-affiliate-plugins-2025,0,0,0.0,0.0
https://www.smackcoders.com/es/blog/plugins-de-afiliados-de-woocommerce.html#benefits-of-running-an-affiliate-program-for-woo-commerce-stores,0,0,0.0,0.0
https://www.smackcoders.com/es/blog/plugins-de-afiliados-de-woocommerce.html#maximize-your-woo-commerce-affiliate-programs-success,0,0,0.0,0.0
https://www.smackcoders.com/es/blog/plugins-seo-de-wordpress.html,0,0,0.0,0.0
https://www.smackcoders.com/es/blog/tecnicas-avanzadas-para-importar-y-exportar-wordpress.html,0,0,0.0,0.0
https://www.smackcoders.com/es/blog/tecnicas-avanzadas-para-importar-y-exportar-wordpress.html#exportacion-de-contenido-de-tu-sitio-de-word-press-autohospedado,0,0,0.0,0.0
https://www.smackcoders.com/es/blog/tecnicas-avanzadas-para-importar-y-exportar-wordpress.html#importacion-de-datos-de-word-press-a-un-nuevo-servidor,0,0,0.0,0.0
https://www.smackcoders.com/es/blog/tecnicas-avanzadas-para-importar-y-exportar-wordpress.html#plugins-de-importacion-exportacion-en-word-press,0,0,0.0,0.0
https://www.smackcoders.com/es/blog/tecnicas-avanzadas-para-importar-y-exportar-wordpress.html#tecnicas-avanzadas-y-mejores-practicas,0,0,0.0,0.0
https://www.smackcoders.com/es/blog/tienda-woocommerce-para-usuarios-moviles.html,0,0,0.0,0.0
https://www.smackcoders.com/es/blog/video-marketing-de-comercio-electronico.html,0,0,0.0,0.0
https://www.smackcoders.com/es/contactenos.html,0,0,0.0,0.0
https://www.smackcoders.com/es/creador-de-leads-de-wordpress-para-cualquier-crm.html,0,0,0.0,0.0
https://www.smackcoders.com/es/documentation/creador-de-prospectos-de-wordpress-para-cualquier-profesional-de-crm/preguntas-frecuentes-sobre-el-lead-builder-y-videos,0,0,0.0,0.0
https://www.smackcoders.com/es/documentation/creador-de-prospectos-de-wordpress-para-cualquier-profesional-de-crm/wp-lead-builder-para-cualquier-crm,0,0,0.0,0.0
https://www.smackcoders.com/es/documentation/wp-exportador-definitivo/introduccion-exportador-definitivo,0,0,0.0,0.0
https://www.smackcoders.com/es/documentation/wp-ultimate-csv-importer-pro/como-importar-productos-variables-en-woocommerce,0,0,0.0,0.0
https://www.smackcoders.com/es/documentation/wp-ultimate-csv-importer-pro/exportacion-de-wordpress-importar-una-sola-pagina,0,0,0.0,0.0
https://www.smackcoders.com/es/documentation/wp-ultimate-csv-importer-pro/exportar-datos-de-wordpress-mediante-wp-query,0,0,0.0,0.0
https://www.smackcoders.com/es/documentation/wp-ultimate-csv-importer-pro/guia-de-solucion-de-problemas,0,0,0.0,0.0
https://www.smackcoders.com/es/documentation/wp-ultimate-csv-importer-pro/importacion-de-csv-de-woocommerce,0,0,0.0,0.0
https://www.smackcoders.com/es/documentation/wp-ultimate-csv-importer-pro/importacion-de-datos-de-learnpress,0,0,0.0,0.0
https://www.smackcoders.com/es/documentation/wp-ultimate-csv-importer-pro/importacion-de-datos-de-motores-a-reaccion,0,0,0.0,0.0
https://www.smackcoders.com/es/documentation/wp-ultimate-csv-importer-pro/importacion-de-tipos-de-conjuntos-de-herramientas,0,0,0.0,0.0
https://www.smackcoders.com/es/documentation/wp-ultimate-csv-importer-pro/importacion-multilingue-de-wp,0,0,0.0,0.0
https://www.smackcoders.com/es/documentation/wp-ultimate-csv-importer-pro/importacion-seo-por-wp-ultimate-csv-importer,0,0,0.0,0.0
https://www.smackcoders.com/es/documentation/wp-ultimate-csv-importer-pro/importacion-y-actualizacion-avanzada-de-campos-personalizados,0,0,0.0,0.0
https://www.smackcoders.com/es/documentation/wp-ultimate-csv-importer-pro/importacion-y-exportacion-de-datos-de-rankmath,0,0,0.0,0.0
https://www.smackcoders.com/es/documentation/wp-ultimate-csv-importer-pro/importar-categorias-y-etiquetas-de-wordpress,0,0,0.0,0.0
https://www.smackcoders.com/es/documentation/wp-ultimate-csv-importer-pro/importar-clientes-de-woocommerce,0,0,0.0,0.0
https://www.smackcoders.com/es/documentation/wp-ultimate-csv-importer-pro/importar-datos-de-campos-serializados,0,0,0.0,0.0
https://www.smackcoders.com/es/documentation/wp-ultimate-csv-importer-pro/importar-datos-de-excel-a-wordpress,0,0,0.0,0.0
https://www.smackcoders.com/es/documentation/wp-ultimate-csv-importer-pro/importar-eventos-a-wordpress,0,0,0.0,0.0
https://www.smackcoders.com/es/documentation/wp-ultimate-csv-importer-pro/importar-exportar-miembros-de-usuario,0,0,0.0,0.0
https://www.smackcoders.com/es/documentation/wp-ultimate-csv-importer-pro/importar-imagenes-en-wordpress,0,0,0.0,0.0
https://www.smackcoders.com/es/documentation/wp-ultimate-csv-importer-pro/importar-pedidos-de-woocommerce,0,0,0.0,0.0
https://www.smackcoders.com/es/documentation/wp-ultimate-csv-importer-pro/importar-usuarios-de-exportacion-con-varios-roles-de-usuario,0,0,0.0,0.0
https://www.smackcoders.com/es/documentation/wp-ultimate-csv-importer-pro/importar-y-exportar-campos-acpt-en-wordpress,0,0,0.0,0.0
https://www.smackcoders.com/es/documentation/wp-ultimate-csv-importer-pro/importar-y-exportar-datos-lms-en-wordpress,0,0,0.0,0.0
https://www.smackcoders.com/es/documentation/wp-ultimate-csv-importer-pro/importar-y-exportar-imagenes-de-la-galeria-nextgen,0,0,0.0,0.0
https://www.smackcoders.com/es/documentation/wp-ultimate-csv-importer-pro/importar-y-exportar-listados-y-propietarios-en-wp-rentals,0,0,0.0,0.0
https://www.smackcoders.com/es/documentation/wp-ultimate-csv-importer-pro/importar-y-exportar-resenas-de-woocommerce,0,0,0.0,0.0
https://www.smackcoders.com/es/documentation/wp-ultimate-csv-importer-pro/importar-y-exportar-usuarios-de-wordpress,0,0,0.0,0.0
https://www.smackcoders.com/es/documentation/wp-ultimate-csv-importer-pro/integracion-de-ia,0,0,0.0,0.0
https://www.smackcoders.com/es/documentation/wp-ultimate-csv-importer-pro/introduccion-al-plugin-de-wordpress-ultimate-csv-xml-importer,0,0,0.0,0.0
https://www.smackcoders.com/es/documentation/wp-ultimate-csv-importer-pro/meta-box-campos-personalizados-importacion-de-datos-exportacion,0,0,0.0,0.0
https://www.smackcoders.com/es/documentation/wp-ultimate-csv-importer-pro/modulos-de-importacion-csv-definitivos-de-wordpress,0,0,0.0,0.0
https://www.smackcoders.com/es/documentation/wp-ultimate-csv-importer-pro/preguntas-frecuentes-relacionadas-con-wp-ultimate-csv-importer,0,0,0.0,0.0
https://www.smackcoders.com/es/documentation/wp-ultimate-csv-importer-pro/que-es-elementor-import-export,0,0,0.0,0.0
https://www.smackcoders.com/es/plugins-inteligentes-para-wordpress.html,0,0,0.0,0.0
https://www.smackcoders.com/es/sobre-nosotros.html,0,0,0.0,0.0
https://www.smackcoders.com/es/wp-ultimate-csv-importer-pro.html,0,0,0.0,0.0
https://www.smackcoders.com/es/wp-ultimate-csv-importer-pro/importacion-de-metadatos-seo.html,0,0,0.0,0.0
https://www.smackcoders.com/es/wp-ultimate-csv-importer-pro/importacion-exportacion-jetengine-con-ultimate-csv-importer.html,0,0,0.0,0.0
https://www.smackcoders.com/es/wp-ultimate-csv-importer-pro/importar-campos-personalizados-acf-desde-csv.html,0,0,0.0,0.0
https://www.smackcoders.com/es/wp-ultimate-csv-importer-pro/importar-contenido-multilingue-de-wpml.html,0,0,0.0,0.0
https://www.smackcoders.com/es/wp-ultimate-csv-importer-pro/importar-productos-de-woocommerce.html,0,0,0.0,0.0
https://www.smackcoders.com/ha-nav-content/ha-megamenu-content-69899,0,0,0.0,0.0
https://www.smackcoders.com/ja,0,0,0.0,0.0
https://www.smackcoders.com/ja/about-us.html,0,0,0.0,0.0
https://www.smackcoders.com/ja/blog/add-external-urls-to-featured-images-wordpress.html,0,0,0.0,0.0
https://www.smackcoders.com/ja/blog/add-external-urls-to-featured-images-wordpress.html#how-to-add-external-url-links-to-word-press-posts-pages,0,0,0.0,0.0
https://www.smackcoders.com/ja/blog/add-external-urls-to-featured-images-wordpress.html#how-to-extract-fifu-featured-images-and-alt-text-data-from-word-press,0,0,0.0,0.0
https://www.smackcoders.com/ja/blog/add-external-urls-to-featured-images-wordpress.html#how-to-get-featured-image-ur-ls-in-word-press-posts-pages,0,0,0.0,0.0
https://www.smackcoders.com/ja/blog/add-external-urls-to-featured-images-wordpress.html#how-to-hide-featured-images-in-word-press-posts-and-pages,0,0,0.0,0.0
https://www.smackcoders.com/ja/blog/add-external-urls-to-featured-images-wordpress.html#importing-bulk-external-ur-ls-to-featured-images-in-word-press-posts-pages-and-custom-posts,0,0,0.0,0.0
https://www.smackcoders.com/ja/blog/add-external-urls-to-featured-images-wordpress.html#install-word-press-featured-image-from-url-fifu-plugin,0,0,0.0,0.0
https://www.smackcoders.com/ja/blog/advanced-techniques-for-wordpress-import-and-export.html,0,0,0.0,0.0
https://www.smackcoders.com/ja/blog/advanced-techniques-for-wordpress-import-and-export.html#%E3%82%BB%E3%83%AB%E3%83%95%E3%83%9B%E3%82%B9%E3%83%86%E3%82%A3%E3%83%B3%E3%82%B0%E3%81%AE-word-press-%E3%82%B5%E3%82%A4%E3%83%88-%E3%82%B3%E3%83%B3%E3%83%86%E3%83%B3%E3%83%84%E3%81%AE%E3%82%A8%E3%82%AF%E3%82%B9%E3%83%9D%E3%83%BC%E3%83%88,0,0,0.0,0.0
https://www.smackcoders.com/ja/blog/advanced-techniques-for-wordpress-import-and-export.html#%E5%90%84%E3%83%97%E3%83%A9%E3%82%B0%E3%82%A4%E3%83%B3%E3%81%AE%E9%95%B7%E6%89%80%E3%81%A8%E7%9F%AD%E6%89%80,0,0,0.0,0.0
https://www.smackcoders.com/ja/blog/advanced-techniques-for-wordpress-import-and-export.html#word-press%E3%82%A4%E3%83%B3%E3%83%9D%E3%83%BC%E3%83%88-%E3%82%A8%E3%82%AF%E3%82%B9%E3%83%9D%E3%83%BC%E3%83%88-%E3%83%97%E3%83%A9%E3%82%B0%E3%82%A4%E3%83%B3,0,0,0.0,0.0
https://www.smackcoders.com/ja/blog/ai-in-wordpress.html,0,0,0.0,0.0
https://www.smackcoders.com/ja/blog/ai-in-wordpress.html#%E7%94%BB%E5%83%8F%E7%94%9F%E6%88%90,0,0,0.0,0.0
https://www.smackcoders.com/ja/blog/ai-in-wordpress.html#ai%E3%81%AF-word-press%E3%83%A6%E3%83%BC%E3%82%B6%E3%83%BC%E3%81%AB%E3%81%A9%E3%81%AE%E3%82%88%E3%81%86%E3%81%AB%E5%BD%B9%E7%AB%8B%E3%81%A1%E3%81%BE%E3%81%99%E3%81%8B,0,0,0.0,0.0
https://www.smackcoders.com/ja/blog/ai-in-wordpress.html#word-press%E3%81%A7-a-i%E3%82%92%E4%BD%BF%E7%94%A8%E3%81%99%E3%82%8B%E3%81%9F%E3%82%81%E3%81%AE-11-%E3%81%AE%E6%9C%80%E8%89%AF%E3%81%AE%E6%96%B9%E6%B3%95,0,0,0.0,0.0
https://www.smackcoders.com/ja/blog/ai-powered-personalization-for-ecommerce.html,0,0,0.0,0.0
https://www.smackcoders.com/ja/blog/blog-create-and-import-custom-post-types-in-wordpress.html,0,0,0.0,0.0
https://www.smackcoders.com/ja/blog/create-a-multilingual-website-with-wpml.html,0,0,0.0,0.0
https://www.smackcoders.com/ja/blog/create-a-multilingual-website-with-wpml.html#installing-wpml,0,0,0.0,0.0
https://www.smackcoders.com/ja/blog/create-a-multilingual-website-with-wpml.html#requirements-of-wpml-plugin,0,0,0.0,0.0
https://www.smackcoders.com/ja/blog/create-a-multilingual-website-with-wpml.html#steps-to-register-with-site-key-in-wpml,0,0,0.0,0.0
https://www.smackcoders.com/ja/blog/create-a-multilingual-website-with-wpml.html#why-use-wpml-to-create-a-multilingual-website-in-word-press,0,0,0.0,0.0
https://www.smackcoders.com/ja/blog/create-custom-fields-with-acf-in-wordpress.html,0,0,0.0,0.0
https://www.smackcoders.com/ja/blog/create-custom-fields-with-acf-in-wordpress.html#how-to-create-and-add-fields-with-acf,0,0,0.0,0.0
https://www.smackcoders.com/ja/blog/create-custom-fields-with-acf-in-wordpress.html#why-acf-to-create-custom-fields,0,0,0.0,0.0
https://www.smackcoders.com/ja/blog/create-custom-taxonomies-with-acf.html,0,0,0.0,0.0
https://www.smackcoders.com/ja/blog/enable-configure-wp-cron.html,0,0,0.0,0.0
https://www.smackcoders.com/ja/blog/enable-configure-wp-cron.html#hooking-wp-cron-in-the-task-scheduler,0,0,0.0,0.0
https://www.smackcoders.com/ja/blog/enable-configure-wp-cron.html#is-word-press-cron-enabled-how-to-enable-word-press-cron,0,0,0.0,0.0
https://www.smackcoders.com/ja/blog/enable-configure-wp-cron.html#mac-linux,0,0,0.0,0.0
https://www.smackcoders.com/ja/blog/enable-configure-wp-cron.html#word-press-cron-job-or-wp-cron-not-working,0,0,0.0,0.0
https://www.smackcoders.com/ja/blog/export-import-advanced-custom-fields-csv-wordpress.html,0,0,0.0,0.0
https://www.smackcoders.com/ja/blog/export-import-advanced-custom-fields-csv-wordpress.html#acf-field-types-explained,0,0,0.0,0.0
https://www.smackcoders.com/ja/blog/export-import-advanced-custom-fields-csv-wordpress.html#export-import-of-advanced-custom-fields-data-from-csv,0,0,0.0,0.0
https://www.smackcoders.com/ja/blog/export-import-advanced-custom-fields-csv-wordpress.html#wp-ultimate-csv-importer-pro,0,0,0.0,0.0
https://www.smackcoders.com/ja/blog/export-import-single-wordpress-post-page-product.html,0,0,0.0,0.0
https://www.smackcoders.com/ja/blog/export-import-single-wordpress-post-page-product.html#exciting-enhancements-in-wp-ultimate-csv-importer-pro-8-1,0,0,0.0,0.0
https://www.smackcoders.com/ja/blog/export-import-single-wordpress-post-page-product.html#why-do-you-need-to-export-and-import-single-post-page-custom-post-record,0,0,0.0,0.0
https://www.smackcoders.com/ja/blog/export-woocommerce-orders-to-google-sheets.html,0,0,0.0,0.0
https://www.smackcoders.com/ja/blog/how-to-export-wordpress-users.html,0,0,0.0,0.0
https://www.smackcoders.com/ja/blog/how-to-export-wordpress-users.html#4-%E7%AC%AC%E4%B8%89%E8%80%85%E3%82%B5%E3%83%BC%E3%83%93%E3%82%B9,0,0,0.0,0.0
https://www.smackcoders.com/ja/blog/how-to-export-wordpress-users.html#word-press%E3%83%A6%E3%83%BC%E3%82%B6%E3%83%BC%E3%82%92%E3%82%A8%E3%82%AF%E3%82%B9%E3%83%9D%E3%83%BC%E3%83%88%E3%81%99%E3%82%8B%E6%96%B9%E6%B3%95,0,0,0.0,0.0
https://www.smackcoders.com/ja/blog/how-to-export-wordpress-users.html#wp-ultimate-csv-importer%E3%83%97%E3%83%A9%E3%82%B0%E3%82%A4%E3%83%B3%E3%82%92%E4%BD%BF%E7%94%A8%E3%81%97%E3%81%A6-word-press%E3%83%A6%E3%83%BC%E3%82%B6%E3%83%BC%E3%82%92%E3%82%A8%E3%82%AF%E3%82%B9%E3%83%9D%E3%83%BC%E3%83%88%E3%81%99%E3%82%8B%E6%96%B9%E6%B3%95,0,0,0.0,0.0
https://www.smackcoders.com/ja/blog/how-to-import-csv-file-in-wordpress-without-plugin.html,0,0,0.0,0.0
https://www.smackcoders.com/ja/blog/how-to-import-csv-file-in-wordpress-without-plugin.html#steps-for-importing-csv-to-word-press-without-a-plugin,0,0,0.0,0.0
https://www.smackcoders.com/ja/blog/how-to-import-csv-file-in-wordpress-without-plugin.html#when-and-why-to-import-cs-vs-without-plugins,0,0,0.0,0.0
https://www.smackcoders.com/ja/blog/how-to-import-csv-file-in-wordpress.html,0,0,0.0,0.0
https://www.smackcoders.com/ja/blog/how-to-import-csv-file-in-wordpress.html#%E3%83%88%E3%83%A9%E3%83%96%E3%83%AB%E3%82%B7%E3%83%A5%E3%83%BC%E3%83%86%E3%82%A3%E3%83%B3%E3%82%B0%E3%81%A8%E4%B8%80%E8%88%AC%E7%9A%84%E3%81%AA%E5%95%8F%E9%A1%8C,0,0,0.0,0.0
https://www.smackcoders.com/ja/blog/how-to-import-csv-file-in-wordpress.html#%E5%9F%BA%E6%9C%AC%E3%81%AE%E7%90%86%E8%A7%A3,0,0,0.0,0.0
https://www.smackcoders.com/ja/blog/how-to-import-csv-file-in-wordpress.html#csv%E3%83%95%E3%82%A1%E3%82%A4%E3%83%AB%E3%81%A8-word-press%E3%81%AE%E7%B4%B9%E4%BB%8B,0,0,0.0,0.0
https://www.smackcoders.com/ja/blog/how-to-import-csv-file-in-wordpress.html#csv-%E3%83%95%E3%82%A1%E3%82%A4%E3%83%AB%E3%81%AE%E3%82%A4%E3%83%B3%E3%83%9D%E3%83%BC%E3%83%88%E3%81%AE%E5%BC%B7%E5%8C%96,0,0,0.0,0.0
https://www.smackcoders.com/ja/blog/how-to-import-csv-file-in-wordpress.html#csv-%E3%83%95%E3%82%A1%E3%82%A4%E3%83%AB%E3%81%AE%E3%82%A4%E3%83%B3%E3%83%9D%E3%83%BC%E3%83%88%E6%96%B9%E6%B3%95,0,0,0.0,0.0
https://www.smackcoders.com/ja/blog/how-to-import-page-to-wordpress.html,0,0,0.0,0.0
https://www.smackcoders.com/ja/blog/how-to-import-page-to-wordpress.html#common-scenarios-and-methods-to-import-pages-into-word-press,0,0,0.0,0.0
https://www.smackcoders.com/ja/blog/how-to-import-page-to-wordpress.html#how-to-import-a-page-from-another-website-in-word-press,0,0,0.0,0.0
https://www.smackcoders.com/ja/blog/how-to-import-page-to-wordpress.html#types-of-pages-you-can-import,0,0,0.0,0.0
https://www.smackcoders.com/ja/blog/how-to-import-page-to-wordpress.html#why-import-pages-into-word-press,0,0,0.0,0.0
https://www.smackcoders.com/ja/blog/how-to-install-wamp-and-xampp.html,0,0,0.0,0.0
https://www.smackcoders.com/ja/blog/import-and-export-woocommerce-customers.html,0,0,0.0,0.0
https://www.smackcoders.com/ja/blog/import-export-custom-post-types-plugin-data.html,0,0,0.0,0.0
https://www.smackcoders.com/ja/blog/import-export-custom-post-types-plugin-data.html#about-the-custom-post-types-plugin,0,0,0.0,0.0
https://www.smackcoders.com/ja/blog/import-export-custom-post-types-plugin-data.html#importing-custom-post-type-data,0,0,0.0,0.0
https://www.smackcoders.com/ja/blog/import-export-custom-post-types-plugin-data.html#step-by-step-guide-to-importing,0,0,0.0,0.0
https://www.smackcoders.com/ja/blog/import-woocommerce-products-with-custom-fields.html,0,0,0.0,0.0
https://www.smackcoders.com/ja/blog/import-woocommerce-products-with-custom-fields.html#common-import-challenges,0,0,0.0,0.0
https://www.smackcoders.com/ja/blog/import-woocommerce-products-with-custom-fields.html#real-example-importing-u-s-handmade-goods,0,0,0.0,0.0
https://www.smackcoders.com/ja/blog/import-woocommerce-products-with-custom-fields.html#section-1-understanding-advanced-custom-fields-in-woo-commerce,0,0,0.0,0.0
https://www.smackcoders.com/ja/blog/import-woocommerce-products-with-custom-fields.html#section-2-step-by-step-import-process,0,0,0.0,0.0
https://www.smackcoders.com/ja/blog/import-woocommerce-products-with-custom-fields.html#step-1-preparing-your-csv-for-advanced-custom-fields,0,0,0.0,0.0
https://www.smackcoders.com/ja/blog/import-woocommerce-products-with-custom-fields.html#step-2-import-your-woo-commerce-data-with-advanced-custom-fields,0,0,0.0,0.0
https://www.smackcoders.com/ja/blog/import-woocommerce-products-with-custom-fields.html#what-acf-does,0,0,0.0,0.0
https://www.smackcoders.com/ja/blog/pre-orders-and-backorders-in-woocommerce.html,0,0,0.0,0.0
https://www.smackcoders.com/ja/blog/social-media-marketing-for-small-businesses.html,0,0,0.0,0.0
https://www.smackcoders.com/ja/blog/wordpress-seo-guide.html,0,0,0.0,0.0
https://www.smackcoders.com/ja/blog/wordpress-ultimate-csv-importer-csv-sample-files-and-updates.html,0,0,0.0,0.0
https://www.smackcoders.com/ja/documentation/wordpress-leads-builder-for-any-crm-pro/e-commerce-integration,0,0,0.0,0.0
https://www.smackcoders.com/ja/documentation/wordpress-leads-builder-for-any-crm-pro/lead-builder-for-any-crm,0,0,0.0,0.0
https://www.smackcoders.com/ja/documentation/wp-ultimate-csv-importer/acf-import,0,0,0.0,0.0
https://www.smackcoders.com/ja/documentation/wp-ultimate-csv-importer/acf-import#0-toc-title,0,0,0.0,0.0
https://www.smackcoders.com/ja/documentation/wp-ultimate-csv-importer/acf-import#2-toc-title,0,0,0.0,0.0
https://www.smackcoders.com/ja/documentation/wp-ultimate-csv-importer/acf-import#3-toc-title,0,0,0.0,0.0
https://www.smackcoders.com/ja/documentation/wp-ultimate-csv-importer/advanced-import-filters,0,0,0.0,0.0
https://www.smackcoders.com/ja/documentation/wp-ultimate-csv-importer/ai-integration,0,0,0.0,0.0
https://www.smackcoders.com/ja/documentation/wp-ultimate-csv-importer/bbpress-import-and-update,0,0,0.0,0.0
https://www.smackcoders.com/ja/documentation/wp-ultimate-csv-importer/chatgpt-integration,0,0,0.0,0.0
https://www.smackcoders.com/ja/documentation/wp-ultimate-csv-importer/custom-field-suite-import,0,0,0.0,0.0
https://www.smackcoders.com/ja/documentation/wp-ultimate-csv-importer/how-to-import-csv,0,0,0.0,0.0
https://www.smackcoders.com/ja/documentation/wp-ultimate-csv-importer/how-to-import-csv#0-toc-title,0,0,0.0,0.0
https://www.smackcoders.com/ja/documentation/wp-ultimate-csv-importer/how-to-import-csv#1-toc-title,0,0,0.0,0.0
https://www.smackcoders.com/ja/documentation/wp-ultimate-csv-importer/how-to-import-csv#2-toc-title,0,0,0.0,0.0
https://www.smackcoders.com/ja/documentation/wp-ultimate-csv-importer/how-to-import-csv#3-toc-title,0,0,0.0,0.0
https://www.smackcoders.com/ja/documentation/wp-ultimate-csv-importer/how-to-import-schedule-or-update,0,0,0.0,0.0
https://www.smackcoders.com/ja/documentation/wp-ultimate-csv-importer/how-to-import-schedule-or-update#0-toc-title,0,0,0.0,0.0
https://www.smackcoders.com/ja/documentation/wp-ultimate-csv-importer/how-to-import-schedule-or-update#1-toc-title,0,0,0.0,0.0
https://www.smackcoders.com/ja/documentation/wp-ultimate-csv-importer/how-to-import-variable-products-in-woocommerce,0,0,0.0,0.0
https://www.smackcoders.com/ja/documentation/wp-ultimate-csv-importer/how-to-import-woocommerce-orders,0,0,0.0,0.0
https://www.smackcoders.com/ja/documentation/wp-ultimate-csv-importer/import-and-export-nextgen-gallery-images,0,0,0.0,0.0
https://www.smackcoders.com/ja/documentation/wp-ultimate-csv-importer/import-and-export-woocommerce-reviews,0,0,0.0,0.0
https://www.smackcoders.com/ja/documentation/wp-ultimate-csv-importer/import-and-export-wordpress-users,0,0,0.0,0.0
https://www.smackcoders.com/ja/documentation/wp-ultimate-csv-importer/import-business-directory-listings-in-wordpress,0,0,0.0,0.0
https://www.smackcoders.com/ja/documentation/wp-ultimate-csv-importer/import-data-from-excel-to-wordpress,0,0,0.0,0.0
https://www.smackcoders.com/ja/documentation/wp-ultimate-csv-importer/import-export-user-members,0,0,0.0,0.0
https://www.smackcoders.com/ja/documentation/wp-ultimate-csv-importer/import-export-users-with-multiple-user-roles,0,0,0.0,0.0
https://www.smackcoders.com/ja/documentation/wp-ultimate-csv-importer/import-images-into-wordpress,0,0,0.0,0.0
https://www.smackcoders.com/ja/documentation/wp-ultimate-csv-importer/import-images-into-wordpress#0-toc-title,0,0,0.0,0.0
https://www.smackcoders.com/ja/documentation/wp-ultimate-csv-importer/import-images-into-wordpress#1-toc-title,0,0,0.0,0.0
https://www.smackcoders.com/ja/documentation/wp-ultimate-csv-importer/import-serialized-fields-data,0,0,0.0,0.0
https://www.smackcoders.com/ja/documentation/wp-ultimate-csv-importer/import-woocommerce-customers,0,0,0.0,0.0
https://www.smackcoders.com/ja/documentation/wp-ultimate-csv-importer/import-wordpress-categories-and-tags,0,0,0.0,0.0
https://www.smackcoders.com/ja/documentation/wp-ultimate-csv-importer/import-wordpress-categories-and-tags#0-toc-title,0,0,0.0,0.0
https://www.smackcoders.com/ja/documentation/wp-ultimate-csv-importer/import-wordpress-categories-and-tags#1-toc-title,0,0,0.0,0.0
https://www.smackcoders.com/ja/documentation/wp-ultimate-csv-importer/import-wordpress-categories-and-tags#2-toc-title,0,0,0.0,0.0
https://www.smackcoders.com/ja/documentation/wp-ultimate-csv-importer/import-wordpress-categories-and-tags#3-toc-title,0,0,0.0,0.0
https://www.smackcoders.com/ja/documentation/wp-ultimate-csv-importer/import-wordpress-categories-and-tags#4-toc-title,0,0,0.0,0.0
https://www.smackcoders.com/ja/documentation/wp-ultimate-csv-importer/import-wordpress-categories-and-tags#5-toc-title,0,0,0.0,0.0
https://www.smackcoders.com/ja/documentation/wp-ultimate-csv-importer/import-wordpress-categories-and-tags#6-toc-title,0,0,0.0,0.0
https://www.smackcoders.com/ja/documentation/wp-ultimate-csv-importer/importer-faq,0,0,0.0,0.0
https://www.smackcoders.com/ja/documentation/wp-ultimate-csv-importer/jet-engine-data-import,0,0,0.0,0.0
https://www.smackcoders.com/ja/documentation/wp-ultimate-csv-importer/meta-box-custom-field-cloneable,0,0,0.0,0.0
https://www.smackcoders.com/ja/documentation/wp-ultimate-csv-importer/metabox-import-export,0,0,0.0,0.0
https://www.smackcoders.com/ja/documentation/wp-ultimate-csv-importer/migrate-wordpress-and-woocommerce-data,0,0,0.0,0.0
https://www.smackcoders.com/ja/documentation/wp-ultimate-csv-importer/polylang-multilingual-content-import-export,0,0,0.0,0.0
https://www.smackcoders.com/ja/documentation/wp-ultimate-csv-importer/post-page-custompost-import,0,0,0.0,0.0
https://www.smackcoders.com/ja/documentation/wp-ultimate-csv-importer/rankmath-data-import-and-export,0,0,0.0,0.0
https://www.smackcoders.com/ja/documentation/wp-ultimate-csv-importer/seo-import,0,0,0.0,0.0
https://www.smackcoders.com/ja/documentation/wp-ultimate-csv-importer/seopress-import-export,0,0,0.0,0.0
https://www.smackcoders.com/ja/documentation/wp-ultimate-csv-importer/toolset-types-import,0,0,0.0,0.0
https://www.smackcoders.com/ja/documentation/wp-ultimate-csv-importer/troubleshooting-guide,0,0,0.0,0.0
https://www.smackcoders.com/ja/documentation/wp-ultimate-csv-importer/what-is-elementor-import-export,0,0,0.0,0.0
https://www.smackcoders.com/ja/documentation/wp-ultimate-csv-importer/woocommerces,0,0,0.0,0.0
https://www.smackcoders.com/ja/documentation/wp-ultimate-csv-importer/wpml-multilingual-import,0,0,0.0,0.0
https://www.smackcoders.com/ja/documentation/wp-ultimate-exporter/wordpress-exporter-guide,0,0,0.0,0.0
https://www.smackcoders.com/ja/documentation/wp-ultimate-exporter/wordpress-exporter-guide#0-toc-title,0,0,0.0,0.0
https://www.smackcoders.com/ja/documentation/wp-ultimate-exporter/wordpress-exporter-guide#1-toc-title,0,0,0.0,0.0
https://www.smackcoders.com/ja/documentation/wp-ultimate-exporter/wordpress-exporter-guide#2-toc-title,0,0,0.0,0.0
https://www.smackcoders.com/ja/documentation/wp-ultimate-exporter/wordpress-exporter-guide#3-toc-title,0,0,0.0,0.0
https://www.smackcoders.com/ja/easy-inventory-and-stock-manager-for-woocommerce.html,0,0,0.0,0.0
https://www.smackcoders.com/ja/wordpress.html,0,0,0.0,0.0
https://www.smackcoders.com/ja/wp-all-import-alternative.html,0,0,0.0,0.0
https://www.smackcoders.com/ja/wp-follow-up-emails.html,0,0,0.0,0.0
https://www.smackcoders.com/ja/wp-leads-builder-any-crm-pro.html,0,0,0.0,0.0
https://www.smackcoders.com/ja/wp-ultimate-csv-importer-pro.html,0,0,0.0,0.0
https://www.smackcoders.com/ja/wp-ultimate-csv-importer-pro/features.html,0,0,0.0,0.0
https://www.smackcoders.com/ja/wp-ultimate-csv-importer-pro/import-acf-custom-fields-from-csv.html,0,0,0.0,0.0
https://www.smackcoders.com/ja/wp-ultimate-csv-importer-pro/import-wpml-multilingual-content.html,0,0,0.0,0.0
https://www.smackcoders.com/ja/wp-ultimate-csv-importer-pro/jetengine-cct-import.html,0,0,0.0,0.0
https://www.smackcoders.com/ja/wp-ultimate-csv-importer-pro/polylang-import-translation.html,0,0,0.0,0.0
https://www.smackcoders.com/ja/wp-ultimate-csv-importer-pro/toolset-types-import.html,0,0,0.0,0.0
https://www.smackcoders.com/ja/wp-ultimate-exporter.html,0,0,0.0,0.0
https://www.smackcoders.com/manage-large-wordpress-sites-without-slowing-down.html,0,0,0.0,0.0
https://www.smackcoders.com/partnership.html,0,0,0.0,0.0
https://www.smackcoders.com/privacy-policy.html,0,0,0.0,0.0
https://www.smackcoders.com/refund-policy.html,0,0,0.0,0.0
https://www.smackcoders.com/shop,0,0,0.0,0.0
https://www.smackcoders.com/support.html,0,0,0.0,0.0
https://www.smackcoders.com/terms-and-conditions.html,0,0,0.0,0.0
https://www.smackcoders.com/woocommerce-to-shopify-sync-pro.html,0,0,0.0,0.0
https://www.smackcoders.com/wordpress.html,0,0,0.0,0.0
https://www.smackcoders.com/wp-all-import-alternative.html,0,0,0.0,0.0
https://www.smackcoders.com/wp-follow-up-emails.html,0,0,0.0,0.0
https://www.smackcoders.com/wp-leads-builder-any-crm-pro.html,0,0,0.0,0.0
https://www.smackcoders.com/wp-ultimate-csv-importer-pro.html,0,0,0.0,0.0
https://www.smackcoders.com/wp-ultimate-csv-importer-pro/changelog.html,0,0,0.0,0.0
https://www.smackcoders.com/wp-ultimate-csv-importer-pro/features.html,0,0,0.0,0.0
https://www.smackcoders.com/wp-ultimate-csv-importer-pro/import-acf-custom-fields-from-csv.html,0,0,0.0,0.0
https://www.smackcoders.com/wp-ultimate-csv-importer-pro/import-meta-box-fields.html,0,0,0.0,0.0
https://www.smackcoders.com/wp-ultimate-csv-importer-pro/import-wpml-multilingual-content.html,0,0,0.0,0.0
https://www.smackcoders.com/wp-ultimate-csv-importer-pro/jetengine-cct-import.html,0,0,0.0,0.0
https://www.smackcoders.com/wp-ultimate-csv-importer-pro/polylang-import-translation.html,0,0,0.0,0.0
https://www.smackcoders.com/wp-ultimate-csv-importer-pro/pricing.html,0,0,0.0,0.0
https://www.smackcoders.com/wp-ultimate-csv-importer-pro/seo-meta-data-import.html,0,0,0.0,0.0
https://www.smackcoders.com/wp-ultimate-csv-importer-pro/toolset-types-import.html,0,0,0.0,0.0
https://www.smackcoders.com/wp-ultimate-csv-importer-pro/woocommerce-import-products.html,0,0,0.0,0.0
https://www.smackcoders.com/wp-ultimate-exporter.html,0,0,0.0,0.0
